lea_code,code,code2,level,name,short_name,grades,calendar,magnet_program,membership,grade_k,grade_1,grade_2,grade_3,grade_4,grade_5,grade_6,grade_7,grade_8,grade_9,grade_10,grade_11,grade_12,grade_13,male,female,male_percent,female_percent,american_indian_and_alaska_native,asian,black_or_african_american,hispanic_or_latino,native_hawaiian_and_other_pacific_islander,two_or_more_races,white,american_indian_and_alaska_native_percent,asian_percent,black_or_african_american_percent,hispanic_or_latino_percent,native_hawaiian_and_other_pacific_islander_percent,two_or_more_races_percent,white_percent,frpl,frpl_percent,lep,lep_percent,title1,district_prek,sped_prek,sped_prek_percent,sped_k_12,sped_k_12_percent,sped_resource_students,sped_separate_students,sped_speech_identified_students,performance_composite_percent_grade_level_proficient,evaas_growth_status,percent_amo_targets_met,four-year_cohort_graduation_rate_percent,boe_district,school_board_district,school_board_member,area_superintendent_district_2014,area_superintendent_2014,area_superintendent_district_2015,area_superintendent_2015,school_city,school_jurisdiction,number_permanent_learning_spaces,school_building_capacity_sbc,program_adjustment,total_temporary__classrooms,annual_school_campus_capacity_ascc,l-r_planned_school_campus_capacity_lrscc,membership2,ascc_percent_crowding,lrscc_percent_crowding,percent_of_capacity_in_temporary_classrooms
920304,304,304,E,Adams Elementary,ADAMS ES,KI-5,Y-R,,795,136,135,131,134,135,124,0,0,0,0,0,0,0,0,395,400,0.50,0.50,1,48,107,211,0,34,394,0.00,0.06,0.14,0.27,0.00,0.04,0.50,325,0.41,157,0.20,YES,8,8,1.00,105,0.13,30,13,8,73.2,Met,95.1,,9,Western Wake,Bill Fletcher,Western Area,Timothy Locklair,Western Area,Timothy Locklair,CARY,Cary,37,705,-124,8,765,843,795,1.04,1.11,0.24
920307,307,307,E,Alston Ridge Elementary,ALSTON RIDGE ES,KI-5,Y-R t4,,1003,169,205,174,173,128,154,0,0,0,0,0,0,0,0,498,505,0.50,0.50,0,287,124,77,1,44,470,0.00,0.29,0.12,0.08,0.00,0.04,0.47,64,0.06,63,0.06,NO,18,1,0.06,72,0.07,12,3,10,85.4,NotMet,100,,8,Southern Wake,Susan Evans,Western Area,Timothy Locklair,Western Area,Timothy Locklair,CARY,Cary,51,800,111,0,911,892,1003,1.10,1.00,0.00
920308,308,308,E,Apex Elementary,APEX ES,KI-5,T,,681,99,114,112,113,119,124,0,0,0,0,0,0,0,0,350,331,0.51,0.49,1,23,88,137,0,28,404,0.00,0.03,0.13,0.20,0.00,0.04,0.59,227,0.33,75,0.11,YES,6,6,1.00,66,0.10,20,0,10,71.6,NotMet,89.7,,8,Southern Wake,Susan Evans,Southwestern Area,Clinton Robinson,Southwestern Area,Clinton Robinson,APEX,Apex,37,586,-41,4,637,609,681,1.07,1.20,0.14
920320,320,320,E,Aversboro Elementary,AVERSBORO ES,KI-5,T,,551,93,93,117,88,94,66,0,0,0,0,0,0,0,0,267,284,0.49,0.52,0,9,205,119,1,18,200,0.00,0.02,0.37,0.22,0.00,0.03,0.36,323,0.59,52,0.09,YES,30,12,0.40,55,0.10,4,16,5,60,Met,80.6,,2,Southeast Wake,Monika Johnson-Hostler,Southern Area,Lloyd Gardner,Southern Area,Lloyd Gardner,GARNER,Garner,40,655,-115,0,540,747,551,1.02,0.87,0.00
920326,326,326,E,Baileywick Road Elementary,BAILEYWICK RD ES,KI-5,T,,439,88,76,83,62,69,61,0,0,0,0,0,0,0,0,215,224,0.49,0.51,0,6,98,160,1,14,161,0.00,0.01,0.22,0.36,0.00,0.03,0.37,243,0.55,93,0.21,YES,26,8,0.31,38,0.09,16,0,4,58.4,NotMet,70.8,,3,North Raleigh,Kevin Hill,Northern Area,Pamela Kinsey-Barker,Northern Area,Pamela Kinsey-Barker,RALEIGH,Raleigh,32,517,-32,0,485,517,439,0.91,0.91,0.00
920327,327,327,E,Ballentine Elementary,BALLENTINE ES,KI-5,Y-R,,465,72,72,79,82,82,78,0,0,0,0,0,0,0,0,237,228,0.51,0.49,1,2,21,125,0,4,312,0.00,0.00,0.05,0.27,0.00,0.01,0.67,140,0.30,91,0.20,YES,15,15,1.00,40,0.09,5,1,8,68.4,NotMet,80.6,,2,Southeast Wake,Monika Johnson-Hostler,Southern Area,Lloyd Gardner,Southern Area,Lloyd Gardner,FUQUAY-VARINA,Fuquay-Varina,36,682,-69,0,613,705,465,0.76,0.73,0.00
920325,325,325,E,Banks Road Elementary,BANKS RD ES,KI-5,Y-R,,702,132,107,129,110,112,112,0,0,0,0,0,0,0,0,360,342,0.51,0.49,0,6,57,146,0,22,471,0.00,0.01,0.08,0.21,0.00,0.03,0.67,207,0.30,74,0.11,NO,26,7,0.27,75,0.11,16,0,19,74.8,Met,93.5,,2,Southeast Wake,Monika Johnson-Hostler,Southern Area,Lloyd Gardner,Southern Area,Lloyd Gardner,FUQUAY-VARINA,Fuquay-Varina,51,1078,-66,0,1012,1170,702,0.69,0.64,0.00
920329,329,329,E,Barwell Road Elementary,BARWELL RD ES,KI-5,Y-R,,807,139,155,137,136,124,116,0,0,0,0,0,0,0,0,422,385,0.52,0.48,3,36,428,261,1,18,59,0.00,0.05,0.53,0.32,0.00,0.02,0.07,586,0.73,266,0.33,YES,24,9,0.38,82,0.10,33,3,15,39.4,Met,54.5,,2,Southeast Wake,Monika Johnson-Hostler,Southwestern Area,Clinton Robinson,Area of Elementary Support,Meg Sheehan,RALEIGH,Raleigh,48,1009,-133,0,876,1055,807,0.92,0.88,0.00
920328,328,328,E,Baucom Elementary,BAUCOM ES,KI-5,T,,920,146,147,149,160,162,156,0,0,0,0,0,0,0,0,471,449,0.51,0.49,2,39,96,95,0,24,663,0.00,0.04,0.11,0.10,0.00,0.03,0.72,155,0.17,61,0.07,NO,7,6,0.86,91,0.10,17,12,16,79.4,Met,97.2,,8,Southern Wake,Susan Evans,Southwestern Area,Clinton Robinson,Southwestern Area,Clinton Robinson,APEX,Apex,39,632,-14,10,848,816,920,1.09,1.15,0.27
920334,334,334,E,Brassfield Elementary,BRASSFIELD ES,KI-5,Y-R,,783,132,136,132,125,119,139,0,0,0,0,0,0,0,0,398,385,0.51,0.49,0,30,65,79,1,16,591,0.00,0.04,0.08,0.10,0.00,0.02,0.76,114,0.15,33,0.04,NO,0,0,0.00,72,0.09,4,5,19,85.6,Met,100,,3,North Raleigh,Kevin Hill,Northern Area,Pamela Kinsey-Barker,Northern Area,Pamela Kinsey-Barker,WAKE COUNTY,Wake County,35,659,-6,5,768,659,783,1.02,1.20,0.15
920336,336,336,E,Brentwood Elementary,BRENTWOOD ES,KI-5,T,Engineering,430,78,74,80,65,70,63,0,0,0,0,0,0,0,0,247,183,0.57,0.43,6,22,128,210,0,24,40,0.01,0.05,0.30,0.49,0.00,0.06,0.09,323,0.75,132,0.31,YES,25,13,0.52,75,0.17,27,3,7,51.6,NotMet,71,,6,Central Raleigh,Christine Kushner,Northeastern Area,Andre Smith,Area of Elementary Support,Meg Sheehan,RALEIGH,Raleigh,30,424,-149,5,390,424,430,1.10,1.56,0.30
920340,340,340,E,Briarcliff Elementary,BRIARCLIFF ES,KI-5,T,,596,110,106,97,104,102,77,0,0,0,0,0,0,0,0,299,297,0.50,0.50,4,30,103,169,0,30,260,0.01,0.05,0.17,0.28,0.00,0.05,0.44,268,0.45,98,0.16,YES,30,15,0.50,68,0.11,26,0,14,69.9,NotMet,97.2,,9,Western Wake,Bill Fletcher,Western Area,Timothy Locklair,Western Area,Timothy Locklair,CARY,Cary,35,540,-27,4,605,563,596,0.99,1.11,0.15
920342,342,342,E,Brier Creek Elementary,BRIER CREEK ES,KI-5,Y-R,,926,161,166,163,160,147,129,0,0,0,0,0,0,0,0,472,454,0.51,0.49,2,78,282,99,1,46,419,0.00,0.08,0.30,0.11,0.00,0.05,0.45,238,0.26,79,0.09,NO,24,13,0.54,88,0.10,12,3,23,70.3,NotMet,93.3,,7,West Raleigh/Morrisville,Zora Felton,Northern Area,Pamela Kinsey-Barker,Northern Area,Pamela Kinsey-Barker,RALEIGH,Raleigh,38,728,-32,6,834,866,926,1.11,1.11,0.17
920344,344,344,E,Brooks Elementary,BROOKS ES,KI-5,T,Museums,583,111,99,99,94,91,89,0,0,0,0,0,0,0,0,302,281,0.52,0.48,3,4,54,103,1,18,400,0.01,0.01,0.09,0.18,0.00,0.03,0.69,163,0.28,73,0.13,NO,8,8,1.00,60,0.10,11,12,2,70.3,NotMet,86.2,,6,Central Raleigh,Christine Kushner,Northern Area,Pamela Kinsey-Barker,Northern Area,Pamela Kinsey-Barker,RALEIGH,Raleigh,33,477,37,1,537,500,583,1.09,1.09,0.04
920352,352,352,E,Bugg Elementary,BUGG ES,KI-5,T,Creative Arts and Science,557,90,79,107,96,93,92,0,0,0,0,0,0,0,0,268,289,0.48,0.52,0,3,429,65,0,25,35,0.00,0.01,0.77,0.12,0.00,0.05,0.06,387,0.70,30,0.05,YES,25,7,0.28,73,0.13,19,17,11,40.2,NotMet,52.2,,4,East Raleigh,Keith Sutton,Southwestern Area,Clinton Robinson,Area of Elementary Support,Meg Sheehan,RALEIGH,Raleigh,41,607,-55,0,552,607,557,1.01,1.01,0.00
920358,358,358,E,Carpenter Elementary,CARPENTER ES,KI-5,Y-R,,727,151,126,115,108,129,98,0,0,0,0,0,0,0,0,391,336,0.54,0.46,2,154,89,117,2,35,328,0.00,0.21,0.12,0.16,0.00,0.05,0.45,170,0.23,92,0.13,NO,9,8,0.89,64,0.09,3,3,10,74.5,NotMet,100,,7,West Raleigh/Morrisville,Zora Felton,Western Area,Timothy Locklair,Western Area,Timothy Locklair,CARY,Cary,38,728,-14,2,760,774,727,0.96,0.96,0.06
920362,362,362,E,Carver Elementary,CARVER ES,KI-5,MOD,,442,71,89,87,68,68,59,0,0,0,0,0,0,0,0,237,205,0.54,0.46,1,1,114,129,0,19,178,0.00,0.00,0.26,0.29,0.00,0.04,0.40,278,0.63,53,0.12,YES,40,17,0.43,53,0.12,4,14,10,55.3,Met,70.8,,1,Northeast Wake,Tom Benton,Eastern Area,Edward McFarland,Eastern Area,Edward McFarland,WAKE COUNTY,Wendell,39,632,-115,5,632,747,442,0.70,0.70,0.18
920364,364,364,E,Cary Elementary,CARY ES,KI-5,T,,575,112,97,113,90,80,83,0,0,0,0,0,0,0,0,302,273,0.53,0.48,1,17,80,154,1,29,293,0.00,0.03,0.14,0.27,0.00,0.05,0.51,261,0.45,88,0.15,YES,9,9,1.00,78,0.14,10,18,10,72.9,Met,100,,9,Western Wake,Bill Fletcher,Western Area,Timothy Locklair,Western Area,Timothy Locklair,CARY,Cary,36,563,-55,0,508,563,575,1.13,1.13,0.00
920369,369,369,E,Cedar Fork Elementary,CEDAR FORK ES,KI-5,T,,951,169,162,167,151,164,138,0,0,0,0,0,0,0,0,473,478,0.50,0.50,4,516,95,51,1,36,247,0.00,0.54,0.10,0.05,0.00,0.04,0.26,100,0.11,105,0.11,NO,8,8,1.00,50,0.05,3,13,6,88.7,Met,100,,7,West Raleigh/Morrisville,Zora Felton,Western Area,Timothy Locklair,Western Area,Timothy Locklair,MORRISVILLE,Morrisville,38,678,-32,14,968,793,951,0.98,1.25,0.33
920376,376,376,E,Combs Elementary,COMBS ES,KI-5,T,Leadership,910,149,163,164,155,138,141,0,0,0,0,0,0,0,0,472,438,0.52,0.48,1,106,195,132,0,49,428,0.00,0.12,0.21,0.15,0.00,0.05,0.47,313,0.34,145,0.16,YES,15,6,0.40,76,0.08,5,7,17,73.6,Met,97.6,,5,South Central Raleigh,Dr. Jim Martin,Central Area,Rose Anne Gonzalez,Central Area,Vacant,RALEIGH,Raleigh,34,581,-69,13,811,673,910,1.12,1.51,0.37
920380,380,380,E,Conn Elementary,CONN ES,KI-5,T,Active Learning and Technology,617,129,95,108,98,95,92,0,0,0,0,0,0,0,0,328,289,0.53,0.47,1,6,318,55,2,21,214,0.00,0.01,0.52,0.09,0.00,0.03,0.35,288,0.47,26,0.04,YES,12,12,1.00,76,0.12,16,8,13,61.4,NotMet,93.9,,4,East Raleigh,Keith Sutton,Central Area,Rose Anne Gonzalez,Central Area,Vacant,RALEIGH,Raleigh,36,536,-23,4,605,582,617,1.02,1.10,0.15
920384,384,384,E,Creech Road Elementary,CREECH RD ES,KI-5,T,,599,108,89,106,108,96,92,0,0,0,0,0,0,0,0,321,278,0.54,0.47,2,5,324,206,0,14,48,0.00,0.01,0.54,0.34,0.00,0.02,0.08,491,0.82,123,0.21,YES,16,1,0.06,81,0.14,24,7,5,50.2,Met,69.7,,2,Southeast Wake,Monika Johnson-Hostler,Southern Area,Lloyd Gardner,Area of Elementary Support,Meg Sheehan,GARNER,Garner,39,632,-89,5,658,747,599,0.91,0.91,0.18
920390,390,390,E,Davis Drive Elementary,DAVIS DR ES,KI-5,T,,963,117,119,180,188,187,172,0,0,0,0,0,0,0,0,497,466,0.52,0.48,2,377,26,45,1,28,484,0.00,0.39,0.03,0.05,0.00,0.03,0.50,48,0.05,77,0.08,NO,0,0,0.00,68,0.07,13,16,6,92,NotMet,100,,9,Western Wake,Bill Fletcher,Western Area,Timothy Locklair,Western Area,Timothy Locklair,CARY,Cary,39,632,-55,13,876,632,963,1.10,1.67,0.34
920393,393,393,E,Dillard Drive Elementary,DILLARD DR ES,KI-5,T,,713,137,130,114,107,124,101,0,0,0,0,0,0,0,0,373,340,0.52,0.48,0,58,227,174,0,37,218,0.00,0.08,0.32,0.24,0.00,0.05,0.31,443,0.62,154,0.22,YES,26,9,0.35,77,0.11,4,13,9,59.5,Met,85.7,,5,South Central Raleigh,Dr. Jim Martin,Southwestern Area,Clinton Robinson,Southwestern Area,Clinton Robinson,RALEIGH,Raleigh,36,563,-78,10,715,747,713,1.00,1.07,0.32
920396,396,396,E,Douglas Elementary,DOUGLAS ES,KI-5,T,Creative Arts and Science,713,122,134,121,115,111,110,0,0,0,0,0,0,0,0,363,350,0.51,0.49,3,15,108,189,0,27,371,0.00,0.02,0.15,0.26,0.00,0.04,0.52,280,0.39,110,0.15,YES,22,22,1.00,84,0.12,31,7,4,63.7,NotMet,83.8,,6,Central Raleigh,Christine Kushner,Northern Area,Pamela Kinsey-Barker,Northern Area,Pamela Kinsey-Barker,RALEIGH,Raleigh,32,400,0,10,630,630,713,1.13,1.13,0.37
920398,398,398,E,Durant Road Elementary,DURANT RD ES,KI-5,Y-R,,975,167,154,153,172,163,166,0,0,0,0,0,0,0,0,510,465,0.52,0.48,5,38,184,162,0,38,548,0.01,0.04,0.19,0.17,0.00,0.04,0.56,342,0.35,114,0.12,YES,12,12,1.00,129,0.13,52,4,14,70.1,NotMet,91.1,,3,North Raleigh,Kevin Hill,Northeastern Area,Andre Smith,Northeastern Area,Andre Smith,RALEIGH,Raleigh,35,659,-147,18,926,935,975,1.05,1.24,0.45
920403,403,403,E,East Garner Elementary,EAST GARNER ES,KI-5,T,,607,108,105,123,96,85,90,0,0,0,0,0,0,0,0,304,303,0.50,0.50,7,6,337,180,3,12,62,0.01,0.01,0.56,0.30,0.01,0.02,0.10,483,0.80,103,0.17,YES,25,6,0.24,84,0.14,19,26,7,46.9,Met,61.3,,2,Southeast Wake,Monika Johnson-Hostler,Southern Area,Lloyd Gardner,Area of Elementary Support,Meg Sheehan,GARNER,Garner,46,685,-55,0,630,777,607,0.96,0.84,0.00
920414,414,414,E,Farmington Woods Elementary,FARMINGTON WOODS ES,KI-5,T,International Baccalaureate-PYP,783,121,137,145,136,122,122,0,0,0,0,0,0,0,0,392,391,0.50,0.50,2,83,115,165,0,45,374,0.00,0.11,0.15,0.21,0.00,0.06,0.48,265,0.34,104,0.13,NO,8,8,1.00,65,0.08,11,15,15,74.1,Met,91.3,,9,Western Wake,Bill Fletcher,Western Area,Timothy Locklair,Western Area,Timothy Locklair,CARY,Cary,37,543,-54,13,788,681,783,0.99,1.25,0.38
920417,417,417,E,Forest Pines Drive Elementary,FOREST PINES DR ES,KI-5,T,,659,109,114,101,111,106,118,0,0,0,0,0,0,0,0,361,298,0.55,0.45,4,31,167,115,0,17,326,0.01,0.05,0.25,0.18,0.00,0.03,0.49,252,0.38,57,0.09,YES,11,11,1.00,55,0.08,9,12,4,66,NotMet,97.1,,3,North Raleigh,Kevin Hill,Northeastern Area,Andre Smith,Northeastern Area,Andre Smith,RALEIGH,Raleigh,40,655,14,0,669,655,659,0.99,0.99,0.00
920413,413,413,E,Forestville Road Elementary,FORESTVILLE RD ES,KI-5,T,,706,107,130,127,111,121,110,0,0,0,0,0,0,0,0,356,350,0.51,0.50,4,12,287,225,0,23,155,0.01,0.02,0.41,0.32,0.00,0.03,0.22,425,0.60,112,0.16,YES,23,4,0.17,86,0.12,25,11,6,57.7,Met,83.8,,1,Northeast Wake,Tom Benton,Eastern Area,Edward McFarland,Eastern Area,Edward McFarland,KNIGHTDALE,Knightdale,40,655,-135,6,658,770,706,1.07,1.11,0.21
920415,415,415,E,Fox Road Elementary,FOX RD ES,KI-5,T,International Baccalaureate-PYP,710,104,115,130,130,122,109,0,0,0,0,0,0,0,0,396,314,0.56,0.44,5,45,333,261,1,18,46,0.01,0.06,0.47,0.37,0.00,0.03,0.07,560,0.79,194,0.27,YES,0,0,0.00,81,0.11,18,18,3,45.9,Met,63.6,,3,North Raleigh,Kevin Hill,Northeastern Area,Andre Smith,Area of Elementary Support,Meg Sheehan,RALEIGH,Raleigh,35,497,-180,17,708,658,710,1.00,1.49,0.55
920416,416,416,E,Fuller Elementary,FULLER ES,KI-5,T,Gifted and Talented/AIG Basics,553,72,89,92,94,106,100,0,0,0,0,0,0,0,0,285,268,0.52,0.48,7,217,170,94,2,10,54,0.01,0.39,0.31,0.17,0.00,0.02,0.10,228,0.41,70,0.13,YES,0,0,0.00,57,0.10,10,20,11,65.2,Met,74.4,,4,East Raleigh,Keith Sutton,Southwestern Area,Clinton Robinson,Southwestern Area,Clinton Robinson,RALEIGH,Raleigh,31,389,-32,8,541,504,553,1.02,1.17,0.34
920420,420,420,E,Fuquay-Varina Elementary,FUQUAY-VARINA ES,KI-5,T,,770,126,120,132,137,129,126,0,0,0,0,0,0,0,0,381,389,0.50,0.51,7,9,127,142,1,35,449,0.01,0.01,0.17,0.18,0.00,0.05,0.58,311,0.40,67,0.09,YES,30,12,0.40,78,0.10,16,1,30,68.7,Met,94.3,,2,Southeast Wake,Monika Johnson-Hostler,Southern Area,Lloyd Gardner,Southern Area,Lloyd Gardner,FUQUAY-VARINA,Fuquay-Varina,35,540,-89,15,796,655,770,0.97,1.36,0.43
920440,440,440,E,Green Elementary,GREEN ES,KI-5,T,Leadership and World Languages,560,110,122,78,95,75,80,0,0,0,0,0,0,0,0,277,283,0.49,0.51,0,39,253,150,0,15,103,0.00,0.07,0.45,0.27,0.00,0.03,0.19,415,0.74,135,0.24,YES,0,0,0.00,71,0.13,8,2,9,49.7,Met,71.4,,6,Central Raleigh,Christine Kushner,Northern Area,Pamela Kinsey-Barker,Northern Area,Pamela Kinsey-Barker,RALEIGH,Raleigh,46,644,-644,40,599,644,560,0.94,0.87,1.54
920439,439,439,E,Green Hope Elementary,GREEN HOPE ES,KI-5,T,,872,163,151,134,157,136,131,0,0,0,0,0,0,0,0,445,427,0.51,0.49,1,383,58,66,0,28,336,0.00,0.44,0.07,0.08,0.00,0.03,0.39,92,0.11,81,0.09,NO,24,23,0.96,68,0.08,11,4,3,88,Met,100,,9,Western Wake,Bill Fletcher,Western Area,Timothy Locklair,Western Area,Timothy Locklair,CARY,Cary,38,609,17,9,833,793,872,1.05,1.08,0.25
920451,451,451,E,Harris Creek Elementary,HARRIS CREEK ES,KI-5,Y-R,,1025,166,187,169,154,189,160,0,0,0,0,0,0,0,0,516,509,0.50,0.50,3,29,319,165,1,53,455,0.00,0.03,0.31,0.16,0.00,0.05,0.44,349,0.34,72,0.07,NO,26,12,0.46,100,0.10,20,10,20,64.9,NotMet,88.9,,1,Northeast Wake,Tom Benton,Eastern Area,Edward McFarland,Eastern Area,Edward McFarland,RALEIGH,Raleigh,48,1009,-87,4,1014,1009,1025,1.01,1.11,0.09
920306,306,306,E,Herbert Akins Road Elementary,HERBERT AKINS RD ES,KI-5,Y-R,,974,157,185,173,166,147,146,0,0,0,0,0,0,0,0,511,463,0.53,0.48,4,15,129,108,0,51,666,0.00,0.02,0.13,0.11,0.00,0.05,0.68,224,0.23,52,0.05,NO,18,3,0.17,89,0.09,16,13,11,73.3,NotMet,97.6,,8,Southern Wake,Susan Evans,Southern Area,Lloyd Gardner,Southern Area,Lloyd Gardner,FUQUAY-VARINA,Fuquay-Varina,51,1078,-14,0,1064,1124,974,0.92,0.88,0.00
920454,454,454,E,Heritage Elementary,HERITAGE ES,KI-5,Y-R,,843,129,124,153,144,156,137,0,0,0,0,0,0,0,0,425,418,0.50,0.50,0,19,97,52,0,32,643,0.00,0.02,0.12,0.06,0.00,0.04,0.76,132,0.16,21,0.03,NO,21,21,1.00,83,0.10,7,8,21,81.8,NotMet,100,,1,Northeast Wake,Tom Benton,Northeastern Area,Andre Smith,Northeastern Area,Andre Smith,WAKE FOREST,Wake Forest,37,705,-32,7,834,797,843,1.01,1.10,0.19
920443,443,443,E,Highcroft Drive Elementary,HIGHCROFT DR ES,KI-5,Y-R t4,,975,139,168,177,166,168,157,0,0,0,0,0,0,0,0,508,467,0.52,0.48,3,281,32,47,0,30,582,0.00,0.29,0.03,0.05,0.00,0.03,0.60,32,0.03,45,0.05,NO,9,9,1.00,82,0.08,5,8,12,91.4,NotMet,100,,8,Southern Wake,Susan Evans,Western Area,Timothy Locklair,Western Area,Timothy Locklair,CARY,Cary,38,609,14,15,968,701,975,1.01,1.36,0.36
920446,446,446,E,Hodge Road Elementary,HODGE RD ES,KI-5,Y-R t4,,613,104,122,96,113,101,77,0,0,0,0,0,0,0,0,297,316,0.49,0.52,0,9,160,369,0,27,48,0.00,0.02,0.26,0.60,0.00,0.05,0.08,482,0.79,260,0.42,YES,18,1,0.06,59,0.10,18,13,14,31.7,NotMet,53.6,,4,East Raleigh,Keith Sutton,Eastern Area,Edward McFarland,Area of Elementary Support,Meg Sheehan,KNIGHTDALE,Knightdale,36,563,-147,5,531,678,613,1.15,1.15,0.22
920457,457,457,E,Holly Grove Elementary,HOLLY GROVE ES,KI-5,Y-R,,1129,181,192,196,194,190,176,0,0,0,0,0,0,0,0,570,559,0.50,0.50,1,18,106,70,1,47,886,0.00,0.02,0.09,0.06,0.00,0.04,0.79,112,0.10,10,0.01,NO,9,9,1.00,131,0.12,37,20,11,84.7,NotMet,100,,8,Southern Wake,Susan Evans,Southern Area,Lloyd Gardner,Southern Area,Lloyd Gardner,HOLLY SPRINGS,Holly Springs,46,963,40,3,1072,963,1129,1.05,1.13,0.06
920449,449,449,E,Holly Ridge Elementary,HOLLY RIDGE ES,KI-5,T,,800,107,120,149,135,144,145,0,0,0,0,0,0,0,0,383,417,0.48,0.52,1,17,108,107,0,35,531,0.00,0.02,0.14,0.13,0.00,0.04,0.66,193,0.24,42,0.05,NO,12,12,1.00,86,0.11,21,6,14,72.9,NotMet,97.1,,8,Southern Wake,Susan Evans,Southern Area,Lloyd Gardner,Southern Area,Lloyd Gardner,HOLLY SPRINGS,Holly Springs,36,563,-9,8,738,655,800,1.08,1.24,0.25
920447,447,447,E,Holly Springs Elementary,HOLLY SPRINGS ES,KI-5,Y-R,,1102,183,189,187,182,161,200,0,0,0,0,0,0,0,0,568,534,0.52,0.48,3,24,135,76,3,57,804,0.00,0.02,0.12,0.07,0.00,0.05,0.73,170,0.15,29,0.03,NO,5,5,1.00,79,0.07,32,3,12,81.9,Met,97.1,,8,Southern Wake,Susan Evans,Southern Area,Lloyd Gardner,Southern Area,Lloyd Gardner,HOLLY SPRINGS,Holly Springs,36,682,-41,16,1009,843,1102,1.09,1.37,0.37
920448,448,448,E,Hunter Elementary,HUNTER ES,KI-5,T,Gifted and Talented/AIG Basics,714,115,100,134,125,127,113,0,0,0,0,0,0,0,0,362,352,0.51,0.49,2,77,312,65,1,23,234,0.00,0.11,0.44,0.09,0.00,0.03,0.33,311,0.44,46,0.06,YES,0,0,0.00,62,0.09,17,6,11,60.6,NotMet,76.7,,4,East Raleigh,Keith Sutton,Central Area,Rose Anne Gonzalez,Central Area,Vacant,RALEIGH,Raleigh,39,546,-37,6,647,569,714,1.10,1.34,0.21
920452,452,452,E,Jeffreys Grove Elementary,JEFFREYS GROVE ES,KI-5,T,,523,109,114,96,68,78,58,0,0,0,0,0,0,0,0,267,256,0.51,0.49,1,17,123,78,0,29,275,0.00,0.03,0.24,0.15,0.00,0.06,0.53,181,0.35,28,0.05,NO,39,24,0.62,51,0.10,11,5,6,73.8,NotMet,91.3,,7,West Raleigh/Morrisville,Zora Felton,Northern Area,Pamela Kinsey-Barker,Northern Area,Pamela Kinsey-Barker,RALEIGH,Raleigh,32,471,-9,3,531,517,523,0.99,1.03,0.13
920453,453,453,E,Jones Dairy Elementary,JONES DAIRY ES,KI-5,Y-R,,799,121,136,149,135,128,130,0,0,0,0,0,0,0,0,436,363,0.55,0.45,1,24,78,45,1,20,630,0.00,0.03,0.10,0.06,0.00,0.03,0.79,132,0.17,17,0.02,NO,9,9,1.00,72,0.09,11,0,21,84.2,NotMet,100,,1,Northeast Wake,Tom Benton,Northeastern Area,Andre Smith,Northeastern Area,Andre Smith,WAKE COUNTY,Wake County,36,682,-78,5,719,912,799,1.11,0.96,0.16
920456,456,456,E,Joyner Elementary,JOYNER ES,KI-5,T,Center for Spanish Language/IB PYP,669,105,99,134,124,99,108,0,0,0,0,0,0,0,0,353,316,0.53,0.47,3,16,95,121,4,15,415,0.00,0.02,0.14,0.18,0.01,0.02,0.62,164,0.25,47,0.07,NO,18,0,0.00,50,0.08,8,9,6,73.1,Met,91.4,,6,Central Raleigh,Christine Kushner,Central Area,Rose Anne Gonzalez,Central Area,Vacant,RALEIGH,Raleigh,34,466,0,8,650,489,669,1.03,1.37,0.28
920460,460,460,E,Kingswood Elementary,KINGSWOOD ES,KI-5,T,Montessori / STEM,394,85,70,66,58,61,54,0,0,0,0,0,0,0,0,211,183,0.54,0.46,1,55,91,114,0,19,114,0.00,0.14,0.23,0.29,0.00,0.05,0.29,230,0.58,76,0.19,YES,30,12,0.40,53,0.14,4,15,5,66.6,Met,96.3,,9,Western Wake,Bill Fletcher,Western Area,Timothy Locklair,Western Area,Timothy Locklair,CARY,Cary,30,453,0,0,453,453,394,0.87,0.87,0.00
920464,464,464,E,Knightdale Elementary,KNIGHTDALE ES,KI-5,T,,725,102,114,141,119,118,131,0,0,0,0,0,0,0,0,368,357,0.51,0.49,1,15,319,273,1,28,89,0.00,0.02,0.44,0.38,0.00,0.04,0.12,525,0.72,168,0.23,YES,26,12,0.46,106,0.15,34,22,12,47.9,NotMet,64.9,,1,Northeast Wake,Tom Benton,Eastern Area,Edward McFarland,Eastern Area,Edward McFarland,KNIGHTDALE,Knightdale,40,655,-135,8,704,816,725,1.03,1.07,0.26
920468,468,468,E,Lacy Elementary,LACY ES,KI-5,T,,787,116,138,133,138,142,120,0,0,0,0,0,0,0,0,417,370,0.53,0.47,0,37,112,63,0,9,566,0.00,0.05,0.14,0.08,0.00,0.01,0.72,229,0.29,86,0.11,NO,10,10,1.00,92,0.12,5,16,7,74,NotMet,87.5,,6,Central Raleigh,Christine Kushner,Central Area,Rose Anne Gonzalez,Central Area,Vacant,RALEIGH,Raleigh,40,655,9,2,710,701,787,1.11,1.11,0.07
920474,474,474,E,Lake Myra Elementary,LAKE MYRA ES,KI-5,Y-R t4,,633,113,111,105,114,98,92,0,0,0,0,0,0,0,0,315,318,0.50,0.50,1,11,208,150,4,18,241,0.00,0.02,0.33,0.24,0.01,0.03,0.38,314,0.50,72,0.11,YES,27,10,0.37,65,0.10,19,13,12,55.8,NotMet,81.1,,1,Northeast Wake,Tom Benton,Eastern Area,Edward McFarland,Eastern Area,Edward McFarland,WENDELL,Wendell,51,800,-75,0,725,846,633,0.87,0.82,0.00
920467,467,467,E,Laurel Park Elementary,LAUREL PARK ES,KI-5,Y-R,,991,167,171,179,159,171,144,0,0,0,0,0,0,0,0,518,473,0.52,0.48,0,77,76,117,0,54,666,0.00,0.08,0.08,0.12,0.00,0.06,0.67,138,0.14,56,0.06,NO,8,8,1.00,95,0.10,22,6,8,79,NotMet,100,,9,Western Wake,Bill Fletcher,Southwestern Area,Clinton Robinson,Southwestern Area,Clinton Robinson,CARY,Cary,46,963,-12,2,997,986,991,0.99,1.02,0.05
920470,470,470,E,Lead Mine Elementary,LEAD MINE ES,KI-5,T,,578,92,116,101,83,99,87,0,0,0,0,0,0,0,0,298,280,0.52,0.49,2,15,154,92,1,20,294,0.00,0.03,0.27,0.16,0.00,0.04,0.51,218,0.38,54,0.09,YES,0,0,0.00,61,0.11,7,12,5,57.9,NotMet,72.2,,7,West Raleigh/Morrisville,Zora Felton,Northern Area,Pamela Kinsey-Barker,Northern Area,Pamela Kinsey-Barker,RALEIGH,Raleigh,35,540,0,1,563,609,578,1.03,0.95,0.04
920469,469,469,E,Leesville Road Elementary,LEESVILLE RD ES,KI-5,T,,925,150,163,159,152,154,147,0,0,0,0,0,0,0,0,475,450,0.51,0.49,0,49,217,127,0,29,503,0.00,0.05,0.24,0.14,0.00,0.03,0.54,288,0.31,85,0.09,NO,0,0,0.00,92,0.10,18,14,10,70.7,NotMet,92.7,,7,West Raleigh/Morrisville,Zora Felton,Northern Area,Pamela Kinsey-Barker,Northern Area,Pamela Kinsey-Barker,RALEIGH,Raleigh,35,540,-32,17,899,655,925,1.03,1.49,0.44
920476,476,476,E,Lincoln Heights Elementary,LINCOLN HEIGHTS ES,KI-5,T,,504,75,90,95,77,84,83,0,0,0,0,0,0,0,0,264,240,0.52,0.48,2,9,211,142,0,18,122,0.00,0.02,0.42,0.28,0.00,0.04,0.24,376,0.75,84,0.17,YES,19,9,0.47,73,0.15,20,20,5,42.9,NotMet,60.6,,2,Southeast Wake,Monika Johnson-Hostler,Southern Area,Lloyd Gardner,Area of Elementary Support,Meg Sheehan,FUQUAY-VARINA,Fuquay-Varina,37,586,-112,11,727,724,504,0.69,0.82,0.35
920480,480,480,E,Lockhart Elementary,LOCKHART ES,KI-5,Y-R t4,,692,99,114,143,101,115,120,0,0,0,0,0,0,0,0,363,329,0.52,0.48,0,9,257,199,0,18,209,0.00,0.01,0.37,0.29,0.00,0.03,0.30,375,0.54,108,0.16,YES,21,21,1.00,77,0.11,36,4,10,51.6,Met,64.1,,1,Northeast Wake,Tom Benton,Eastern Area,Edward McFarland,Eastern Area,Edward McFarland,KNIGHTDALE,Knightdale,37,586,-164,13,721,678,692,0.96,1.35,0.42
920488,488,488,E,Lynn Road Elementary,LYNN RD ES,KI-5,T,,501,75,88,88,93,78,79,0,0,0,0,0,0,0,0,239,262,0.48,0.52,0,16,215,94,1,24,150,0.00,0.03,0.43,0.19,0.00,0.05,0.30,273,0.55,65,0.13,YES,26,9,0.35,66,0.13,3,21,5,56.1,Exceeded,77.4,,6,Central Raleigh,Christine Kushner,Northern Area,Pamela Kinsey-Barker,Area of Elementary Support,Meg Sheehan,RALEIGH,Raleigh,40,655,-112,0,543,770,501,0.92,0.76,0.00
920494,494,494,E,Middle Creek Elementary,MIDDLE CREEK ES,KI-5,Y-R,,854,132,152,136,134,152,148,0,0,0,0,0,0,0,0,446,408,0.52,0.48,1,14,78,117,0,27,617,0.00,0.02,0.09,0.14,0.00,0.03,0.72,162,0.19,52,0.06,NO,8,8,1.00,148,0.17,36,14,16,76.8,NotMet,91.9,,5,South Central Raleigh,Dr. Jim Martin,Southwestern Area,Clinton Robinson,Southwestern Area,Clinton Robinson,CARY,Cary,37,705,-101,16,972,843,854,0.88,1.15,0.38
920496,496,496,E,Millbrook Elementary,MILLBROOK ES,KI-5,T,International Baccalaureate-PYP,766,109,124,132,143,123,135,0,0,0,0,0,0,0,0,425,341,0.56,0.45,0,17,373,233,0,30,113,0.00,0.02,0.49,0.30,0.00,0.04,0.15,529,0.69,120,0.16,YES,18,2,0.11,56,0.07,6,13,3,48.8,NotMet,64.9,,6,Central Raleigh,Christine Kushner,Northern Area,Pamela Kinsey-Barker,Northern Area,Pamela Kinsey-Barker,RALEIGH,Raleigh,46,665,-23,3,711,711,766,1.08,1.11,0.10
920501,501,501,E,Mills Park Elementary,MILLS PARK ES,KI-5,T,,1006,167,143,169,192,169,166,0,0,0,0,0,0,0,0,521,485,0.52,0.48,6,384,62,65,3,28,459,0.01,0.38,0.06,0.07,0.00,0.03,0.46,77,0.08,66,0.07,NO,13,13,1.00,79,0.08,15,12,11,88.8,Met,100,,8,Southern Wake,Susan Evans,Western Area,Timothy Locklair,Western Area,Timothy Locklair,CARY,Cary,51,800,51,2,897,846,1006,1.12,1.12,0.05
920504,504,504,E,Morrisville Elementary,MORRISVILLE ES,KI-5,Y-R,,829,145,126,144,141,137,136,0,0,0,0,0,0,0,0,408,421,0.49,0.51,0,223,47,55,0,43,460,0.00,0.27,0.06,0.07,0.00,0.05,0.56,52,0.06,67,0.08,NO,0,0,0.00,75,0.09,8,20,10,90.8,Met,100,,7,West Raleigh/Morrisville,Zora Felton,Western Area,Timothy Locklair,Western Area,Timothy Locklair,MORRISVILLE,Morrisville,35,659,14,5,788,774,829,1.05,1.05,0.15
920514,514,514,E,North Forest Pines Elementary,N FOREST PINES ES,KI-5,Y-R,,792,132,128,123,142,144,123,0,0,0,0,0,0,0,0,420,372,0.53,0.47,2,24,105,117,0,13,530,0.00,0.03,0.13,0.15,0.00,0.02,0.67,212,0.27,60,0.08,NO,6,6,1.00,82,0.10,11,16,15,73.2,NotMet,85.7,,3,North Raleigh,Kevin Hill,Northeastern Area,Andre Smith,Northeastern Area,Andre Smith,RALEIGH,Raleigh,40,774,14,0,788,774,792,1.01,1.01,0.00
920516,516,516,E,North Ridge Elementary,N RIDGE ES,KI-5,T,,764,125,137,133,124,129,116,0,0,0,0,0,0,0,0,387,377,0.51,0.49,1,32,185,135,0,22,389,0.00,0.04,0.24,0.18,0.00,0.03,0.51,318,0.42,95,0.12,YES,0,0,0.00,55,0.07,9,0,4,60.7,NotMet,79.5,,3,North Raleigh,Kevin Hill,Northern Area,Pamela Kinsey-Barker,Northern Area,Pamela Kinsey-Barker,RALEIGH,Raleigh,34,517,-96,13,720,816,764,1.06,1.06,0.42
920520,520,520,E,Northwoods Elementary,NORTHWOODS ES,KI-5,T,,506,83,87,98,79,87,72,0,0,0,0,0,0,0,0,249,257,0.49,0.51,0,62,106,117,0,18,204,0.00,0.12,0.21,0.23,0.00,0.04,0.40,178,0.35,73,0.14,YES,23,23,1.00,56,0.11,11,9,4,67.3,Met,93.1,,9,Western Wake,Bill Fletcher,Western Area,Timothy Locklair,Western Area,Timothy Locklair,CARY,Cary,34,517,-46,3,540,747,506,0.94,0.72,0.13
920522,522,522,E,Oak Grove Elementary,OAK GROVE ES,KI-5,Y-R,,777,131,127,126,139,137,117,0,0,0,0,0,0,0,0,393,384,0.51,0.49,1,43,61,90,0,16,566,0.00,0.06,0.08,0.12,0.00,0.02,0.73,136,0.18,61,0.08,NO,0,0,0.00,95,0.12,7,8,25,80.6,Met,87.1,,8,Southern Wake,Susan Evans,Southwestern Area,Clinton Robinson,Southwestern Area,Clinton Robinson,CARY,Cary,35,659,-46,5,728,774,777,1.07,1.07,0.16
920524,524,524,E,Olds Elementary,OLDS ES,KI-5,T,,347,67,58,71,48,50,53,0,0,0,0,0,0,0,0,174,173,0.50,0.50,1,9,82,19,0,14,223,0.00,0.03,0.24,0.05,0.00,0.04,0.64,95,0.27,7,0.02,NO,0,0,0.00,32,0.09,11,0,6,75.4,NotMet,96,,6,Central Raleigh,Christine Kushner,Central Area,Rose Anne Gonzalez,Central Area,Vacant,RALEIGH,Raleigh,18,149,157,0,306,149,347,1.13,1.13,0.00
920523,523,523,E,Olive Chapel Elementary,OLIVE CHAPEL ES,KI-5,Y-R,,1026,167,163,184,174,147,191,0,0,0,0,0,0,0,0,523,503,0.51,0.49,3,50,36,81,1,28,826,0.00,0.05,0.04,0.08,0.00,0.03,0.81,75,0.07,25,0.02,NO,8,8,1.00,70,0.07,8,11,20,82.1,NotMet,100,,8,Southern Wake,Susan Evans,Southwestern Area,Clinton Robinson,Southwestern Area,Clinton Robinson,APEX,Apex,36,682,-20,14,984,843,1026,1.04,1.25,0.33
920525,525,525,E,Partnership Elementary,PARTNERSHIP ES,KI-5,MOD,,294,39,49,54,50,50,52,0,0,0,0,0,0,0,0,151,143,0.51,0.49,1,6,102,38,0,16,131,0.00,0.02,0.35,0.13,0.00,0.06,0.45,100,0.34,19,0.07,NO,0,0,0.00,41,0.14,5,1,7,61,Met,84.2,,6,Central Raleigh,Christine Kushner,Central Area,Rose Anne Gonzalez,Central Area,Vacant,RALEIGH,Raleigh,21,356,0,0,356,356,294,0.83,0.83,0.00
920530,530,530,E,Penny Road Elementary,PENNY RD ES,KI-5,T,,718,127,127,118,117,105,124,0,0,0,0,0,0,0,0,368,350,0.51,0.49,1,23,124,92,0,29,448,0.00,0.03,0.17,0.13,0.00,0.04,0.62,197,0.27,64,0.09,NO,0,0,0.00,77,0.11,6,19,8,78.8,Met,94.3,,8,Southern Wake,Susan Evans,Southwestern Area,Clinton Robinson,Southwestern Area,Clinton Robinson,CARY,Cary,35,540,-9,7,692,609,718,1.04,1.20,0.23
920531,531,531,E,Pleasant Union Elementary,PLEASANT UNION ES,KI-5,Y-R,,561,102,104,80,96,86,93,0,0,0,0,0,0,0,0,282,279,0.50,0.50,2,8,45,25,0,16,465,0.00,0.01,0.08,0.05,0.00,0.03,0.83,43,0.08,4,0.01,NO,21,21,1.00,42,0.08,4,0,9,81.2,NotMet,100,,3,North Raleigh,Kevin Hill,Northern Area,Pamela Kinsey-Barker,Northern Area,Pamela Kinsey-Barker,WAKE COUNTY,Wake County,35,659,19,0,678,659,561,0.83,0.83,0.00
920532,532,532,E,Poe Elementary,POE ES,KI-5,T,Gifted and Talented/AIG Basics,308,51,49,55,64,49,40,0,0,0,0,0,0,0,0,153,155,0.50,0.50,1,3,159,83,0,9,53,0.00,0.01,0.52,0.27,0.00,0.03,0.17,205,0.67,60,0.20,YES,17,1,0.06,36,0.12,12,0,9,49.4,Met,57.9,,4,East Raleigh,Keith Sutton,Central Area,Rose Anne Gonzalez,Central Area,Vacant,RALEIGH,Raleigh,29,369,13,0,382,369,308,0.81,0.81,0.00
920536,536,536,E,Powell Elementary,POWELL ES,KI-5,T,Gifted and Talented,408,65,54,84,70,71,64,0,0,0,0,0,0,0,0,203,205,0.50,0.50,5,16,238,43,0,12,94,0.01,0.04,0.58,0.11,0.00,0.03,0.23,244,0.60,29,0.07,YES,18,3,0.17,51,0.13,28,4,5,52.1,Met,64.5,,4,East Raleigh,Keith Sutton,Central Area,Rose Anne Gonzalez,Central Area,Vacant,RALEIGH,Raleigh,34,458,-9,0,449,458,408,0.91,0.91,0.00
920540,540,540,E,Rand Road Elementary,RAND RD ES,KI-5,Y-R t4,,557,98,94,92,96,96,81,0,0,0,0,0,0,0,0,287,270,0.52,0.48,0,15,92,72,1,23,354,0.00,0.03,0.17,0.13,0.00,0.04,0.64,188,0.34,30,0.05,YES,10,10,1.00,73,0.13,17,12,16,67.2,NotMet,100,,2,Southeast Wake,Monika Johnson-Hostler,Southern Area,Lloyd Gardner,Southern Area,Lloyd Gardner,GARNER,Garner,35,540,-46,8,678,678,557,0.82,0.88,0.27
920542,542,542,E,Reedy Creek Elementary,REEDY CREEK ES,KI-5,T,,651,100,114,120,121,87,109,0,0,0,0,0,0,0,0,333,318,0.51,0.49,3,43,187,168,0,25,225,0.01,0.07,0.29,0.26,0.00,0.04,0.35,366,0.56,152,0.23,YES,0,0,0.00,82,0.13,21,16,8,65.3,Met,94.4,,9,Western Wake,Bill Fletcher,Western Area,Timothy Locklair,Western Area,Timothy Locklair,CARY,Cary,38,609,-126,9,690,770,651,0.94,1.01,0.30
920543,543,543,E,Richland Creek Elementary,RICHLAND CREEK ES,KI-5,T,,260,61,43,44,39,38,35,0,0,0,0,0,0,0,0,135,125,0.52,0.48,1,3,82,53,0,3,118,0.00,0.01,0.32,0.20,0.00,0.01,0.46,145,0.56,24,0.09,YES,0,0,0.00,40,0.15,13,8,7,59.2,NotMet,89.5,,1,Northeast Wake,Tom Benton,Northeastern Area,Andre Smith,Northeastern Area,Andre Smith,WAKE FOREST,Wake Forest,51,754,0,0,754,754,260,0.35,0.35,0.00
920302,302,302,E,River Bend Elementary,RIVER BEND ES,KI-5,Y-R,,866,138,162,161,147,142,116,0,0,0,0,0,0,0,0,440,426,0.51,0.49,3,52,312,321,1,34,143,0.00,0.06,0.36,0.37,0.00,0.04,0.17,577,0.67,227,0.26,YES,30,14,0.47,87,0.10,21,7,11,56.1,Met,78.4,,6,Central Raleigh,Christine Kushner,Northeastern Area,Andre Smith,Northeastern Area,Andre Smith,RALEIGH,Raleigh,51,1078,-121,0,957,1124,866,0.91,0.86,0.00
920544,544,544,E,Rolesville Elementary,ROLESVILLE ES,KI-5,T,,759,122,136,139,124,109,129,0,0,0,0,0,0,0,0,365,394,0.48,0.52,4,27,245,101,1,26,355,0.01,0.04,0.32,0.13,0.00,0.03,0.47,298,0.39,64,0.08,YES,10,10,1.00,76,0.10,22,6,8,72.6,Met,100,,1,Northeast Wake,Tom Benton,Eastern Area,Edward McFarland,Eastern Area,Edward McFarland,ROLESVILLE,Rolesville,34,517,0,9,724,609,759,1.05,1.25,0.29
920548,548,548,E,Root Elementary,ROOT ES,KI-5,T,,510,91,97,91,86,81,64,0,0,0,0,0,0,0,0,257,253,0.50,0.50,1,3,99,41,0,13,353,0.00,0.01,0.19,0.08,0.00,0.03,0.69,131,0.26,18,0.04,NO,30,12,0.40,59,0.12,12,6,5,77.9,Met,96.6,,6,Central Raleigh,Christine Kushner,Central Area,Rose Anne Gonzalez,Central Area,Vacant,RALEIGH,Raleigh,33,494,14,0,508,494,510,1.00,1.00,0.00
920550,550,550,E,Salem Elementary,SALEM ES,KI-5,Y-R,,727,110,104,112,141,135,125,0,0,0,0,0,0,0,0,388,339,0.53,0.47,1,56,55,164,0,23,427,0.00,0.08,0.08,0.23,0.00,0.03,0.59,183,0.25,132,0.18,NO,9,8,0.89,80,0.11,26,2,14,73.3,NotMet,80,,9,Western Wake,Bill Fletcher,Southwestern Area,Clinton Robinson,Southwestern Area,Clinton Robinson,APEX,Apex,37,705,-64,14,963,843,727,0.76,0.93,0.33
920554,554,554,E,Sanford Creek Elementary,SANFORD CREEK ES,KI-5,Y-R,,704,103,114,113,133,122,119,0,0,0,0,0,0,0,0,385,319,0.55,0.45,2,21,126,73,2,19,461,0.00,0.03,0.18,0.10,0.00,0.03,0.65,158,0.22,46,0.07,NO,26,11,0.42,97,0.14,13,20,12,67,Met,91.9,,1,Northeast Wake,Tom Benton,Eastern Area,Edward McFarland,Eastern Area,Edward McFarland,ROLESVILLE,Rolesville,40,774,-46,0,728,866,704,0.97,0.86,0.00
920560,560,560,E,Smith Elementary,SMITH ES,KI-5,T,International Baccalaureate-PYP,617,102,103,104,108,107,93,0,0,0,0,0,0,0,0,319,298,0.52,0.48,1,16,194,288,1,15,103,0.00,0.03,0.31,0.47,0.00,0.02,0.17,454,0.74,182,0.30,YES,30,13,0.43,55,0.09,12,11,12,48.6,Met,71.4,,2,Southeast Wake,Monika Johnson-Hostler,Southern Area,Lloyd Gardner,Area of Elementary Support,Meg Sheehan,WAKE COUNTY,Garner,51,780,-88,0,692,803,617,0.89,0.86,0.00
920564,564,564,E,Stough Elementary,STOUGH ES,KI-5,T,,534,84,119,88,97,76,70,0,0,0,0,0,0,0,0,270,264,0.51,0.49,0,15,203,127,0,38,152,0.00,0.03,0.38,0.24,0.00,0.07,0.28,306,0.57,86,0.16,YES,8,8,1.00,61,0.11,10,21,5,51.8,NotMet,69,,6,Central Raleigh,Christine Kushner,Northern Area,Pamela Kinsey-Barker,Northern Area,Pamela Kinsey-Barker,RALEIGH,Raleigh,29,402,-46,10,586,540,534,0.91,1.08,0.39
920568,568,568,E,Swift Creek Elementary,SWIFT CREEK ES,KI-5,T,,533,100,90,79,89,89,86,0,0,0,0,0,0,0,0,259,274,0.49,0.51,2,18,128,109,0,22,255,0.00,0.03,0.24,0.20,0.00,0.04,0.48,243,0.46,84,0.16,YES,0,0,0.00,55,0.10,9,6,10,66,Met,89.2,,5,South Central Raleigh,Dr. Jim Martin,Southwestern Area,Clinton Robinson,Southwestern Area,Clinton Robinson,WAKE COUNTY,Wake County,31,448,37,2,531,494,533,1.00,1.00,0.09
920569,569,569,E,Sycamore Creek Elementary,SYCAMORE CREEK ES,KI-5,Y-R,,1132,179,198,188,187,203,177,0,0,0,0,0,0,0,0,571,561,0.50,0.50,1,43,55,43,0,49,941,0.00,0.04,0.05,0.04,0.00,0.04,0.83,38,0.03,7,0.01,NO,12,12,1.00,92,0.08,22,13,11,86.1,Met,100,,7,West Raleigh/Morrisville,Zora Felton,Northern Area,Pamela Kinsey-Barker,Northern Area,Pamela Kinsey-Barker,RALEIGH,Raleigh,51,1078,49,0,1127,1078,1132,1.00,1.00,0.00
920570,570,570,E,Timber Drive Elementary,TIMBER DR ES,KI-5,Y-R t4,,671,130,116,100,105,99,121,0,0,0,0,0,0,0,0,357,314,0.53,0.47,1,8,222,80,2,25,333,0.00,0.01,0.33,0.12,0.00,0.04,0.50,273,0.41,44,0.07,YES,2,2,1.00,78,0.12,29,18,7,57.8,NotMet,70.3,,2,Southeast Wake,Monika Johnson-Hostler,Southern Area,Lloyd Gardner,Southern Area,Lloyd Gardner,GARNER,Garner,36,563,-112,9,658,701,671,1.02,1.14,0.32
920571,571,571,E,Turner Creek Elementary,TURNER CREEK ES,KI-5,Y-R,,707,117,113,100,131,127,119,0,0,0,0,0,0,0,0,368,339,0.52,0.48,1,113,65,65,2,36,424,0.00,0.16,0.09,0.09,0.00,0.05,0.60,99,0.14,35,0.05,NO,18,3,0.17,98,0.14,28,20,6,79.6,NotMet,94.6,,8,Southern Wake,Susan Evans,Western Area,Timothy Locklair,Western Area,Timothy Locklair,CARY,Cary,39,751,-66,8,869,843,707,0.81,0.91,0.21
920572,572,572,E,Underwood Elementary,UNDERWOOD ES,KI-5,T,Gifted and Talented,518,82,70,104,82,93,87,0,0,0,0,0,0,0,0,248,270,0.48,0.52,2,18,65,64,0,12,358,0.00,0.04,0.13,0.12,0.00,0.02,0.69,109,0.21,34,0.07,NO,0,0,0.00,37,0.07,1,10,1,81,Met,100,,6,Central Raleigh,Christine Kushner,Central Area,Rose Anne Gonzalez,Central Area,Vacant,RALEIGH,Raleigh,33,435,37,0,472,435,518,1.10,1.10,0.00
920576,576,576,E,Vance Elementary,VANCE ES,KI-5,Y-R t4,,469,80,76,89,72,79,73,0,0,0,0,0,0,0,0,234,235,0.50,0.50,2,4,57,116,0,17,273,0.00,0.01,0.12,0.25,0.00,0.04,0.58,171,0.37,69,0.15,YES,18,1,0.06,42,0.09,10,2,10,58.8,NotMet,75,,2,Southeast Wake,Monika Johnson-Hostler,Southern Area,Lloyd Gardner,Southern Area,Lloyd Gardner,WAKE COUNTY,Wake County,28,379,-27,6,490,517,469,0.96,0.96,0.28
920580,580,580,E,Vandora Springs Elementary,VANDORA SPRINGS ES,KI-5,T,,578,101,98,100,100,94,85,0,0,0,0,0,0,0,0,313,265,0.54,0.46,3,6,206,157,2,18,186,0.01,0.01,0.36,0.27,0.00,0.03,0.32,340,0.59,95,0.16,YES,20,20,1.00,58,0.10,18,13,7,51.5,NotMet,64.5,,2,Southeast Wake,Monika Johnson-Hostler,Southern Area,Lloyd Gardner,Southern Area,Lloyd Gardner,GARNER,Garner,34,517,-55,5,577,609,578,1.00,1.04,0.20
920584,584,584,E,Wake Forest Elementary,WAKE FOREST ES,KI-5,T,,545,71,73,99,94,105,103,0,0,0,0,0,0,0,0,280,265,0.52,0.49,5,11,141,55,2,31,301,0.01,0.02,0.26,0.10,0.00,0.06,0.55,217,0.40,22,0.04,YES,18,1,0.06,56,0.10,17,12,6,68.4,NotMet,100,,1,Northeast Wake,Tom Benton,Northeastern Area,Andre Smith,Northeastern Area,Andre Smith,WAKE FOREST,Wake Forest,40,655,-32,0,623,655,545,0.88,0.88,0.00
920593,593,593,E,Wakefield Elementary,WAKEFIELD ES,KI-5,Y-R,,679,110,123,103,107,122,114,0,0,0,0,0,0,0,0,356,323,0.52,0.48,3,32,151,156,3,19,315,0.01,0.05,0.22,0.23,0.01,0.03,0.46,268,0.40,101,0.15,YES,18,18,1.00,67,0.10,7,16,5,57.3,NotMet,73.2,,3,North Raleigh,Kevin Hill,Northeastern Area,Andre Smith,Northeastern Area,Andre Smith,RALEIGH,Raleigh,36,682,-55,5,742,797,679,0.92,0.92,0.16
920597,597,597,E,Wakelon Elementary,WAKELON ES,KI-5,T,,493,72,98,87,95,69,72,0,0,0,0,0,0,0,0,266,227,0.54,0.46,1,3,192,169,0,12,115,0.00,0.01,0.39,0.34,0.00,0.02,0.23,389,0.79,83,0.17,YES,23,7,0.30,62,0.13,8,15,8,54.5,Met,79.4,,1,Northeast Wake,Tom Benton,Eastern Area,Edward McFarland,Eastern Area,Edward McFarland,ZEBULON,Zebulon,46,685,-87,0,598,731,493,0.82,0.77,0.00
920599,599,599,E,Walnut Creek Elementary,WALNUT CREEK ES,KI-5,T,,798,139,136,142,136,126,119,0,0,0,0,0,0,0,0,419,379,0.53,0.48,0,10,497,263,2,15,11,0.00,0.01,0.62,0.33,0.00,0.02,0.01,667,0.84,144,0.18,YES,17,17,1.00,72,0.09,32,8,9,45.8,Met,60.6,,4,East Raleigh,Keith Sutton,Southwestern Area,Clinton Robinson,Area of Elementary Support,Meg Sheehan,RALEIGH,Raleigh,51,800,-92,2,754,846,798,1.06,1.06,0.06
920596,596,596,E,Washington Elementary,WASHINGTON ES,KI-5,T,Gifted and Talented,534,96,81,81,92,91,93,0,0,0,0,0,0,0,0,309,225,0.58,0.42,4,169,111,91,0,11,148,0.01,0.32,0.21,0.17,0.00,0.02,0.28,176,0.33,55,0.10,NO,0,0,0.00,70,0.13,26,17,2,70,Met,82.1,,5,South Central Raleigh,Dr. Jim Martin,Central Area,Rose Anne Gonzalez,Central Area,Vacant,RALEIGH,Raleigh,40,569,-34,0,535,569,534,1.00,1.00,0.00
920598,598,598,E,Weatherstone Elementary,WEATHERSTONE ES,KI-5,T,,907,124,145,155,169,156,158,0,0,0,0,0,0,0,0,473,434,0.52,0.48,3,160,153,179,0,28,383,0.00,0.18,0.17,0.20,0.00,0.03,0.42,277,0.31,140,0.15,NO,8,7,0.88,72,0.08,16,10,3,77.4,Met,95.7,,9,Western Wake,Bill Fletcher,Western Area,Timothy Locklair,Western Area,Timothy Locklair,CARY,Cary,36,563,-9,11,807,747,907,1.12,1.23,0.31
920600,600,600,E,Wendell Elementary,WENDELL ES,KI-5,T,Creative Arts and Science,459,82,101,73,77,58,68,0,0,0,0,0,0,0,0,251,208,0.55,0.45,4,9,117,102,0,24,203,0.01,0.02,0.26,0.22,0.00,0.05,0.44,257,0.56,43,0.09,YES,0,0,0.00,82,0.18,20,12,24,55.5,Met,86.2,,1,Northeast Wake,Tom Benton,Eastern Area,Edward McFarland,Eastern Area,Edward McFarland,WENDELL,Wendell,35,469,-23,2,492,515,459,0.93,0.93,0.09
920606,606,606,E,West Lake Elementary,W LAKE ES,KI-5,Y-R,,895,145,129,178,156,145,142,0,0,0,0,0,0,0,0,443,452,0.50,0.50,1,23,54,133,1,33,649,0.00,0.03,0.06,0.15,0.00,0.04,0.73,164,0.18,76,0.09,NO,23,23,1.00,91,0.10,13,8,20,73.1,Met,82.9,,5,South Central Raleigh,Dr. Jim Martin,Southwestern Area,Clinton Robinson,Southwestern Area,Clinton Robinson,CARY,Cary,35,659,-34,13,924,751,895,0.97,1.25,0.32
920616,616,616,E,Wilburn Elementary,WILBURN ES,KI-5,Y-R,,697,131,128,142,106,101,89,0,0,0,0,0,0,0,0,356,341,0.51,0.49,4,45,300,223,1,29,95,0.01,0.07,0.43,0.32,0.00,0.04,0.14,478,0.69,137,0.20,YES,17,17,1.00,60,0.09,20,7,8,41.2,Met,60,,4,East Raleigh,Keith Sutton,Northeastern Area,Andre Smith,Area of Elementary Support,Meg Sheehan,RALEIGH,Raleigh,51,1078,-161,0,917,1147,697,0.76,0.71,0.00
920618,618,618,E,Wildwood Forest Elementary,WILDWOOD FOREST ES,KI-5,T,,829,153,137,134,140,137,128,0,0,0,0,0,0,0,0,436,393,0.53,0.47,3,73,332,194,2,29,195,0.00,0.09,0.40,0.24,0.00,0.04,0.24,430,0.52,128,0.15,YES,8,8,1.00,77,0.09,17,13,6,57.5,Met,82.2,,3,North Raleigh,Kevin Hill,Northeastern Area,Andre Smith,Northeastern Area,Andre Smith,RALEIGH,Raleigh,37,586,-124,13,761,770,829,1.09,1.28,0.39
920620,620,620,E,Wiley Elementary,WILEY ES,KI-5,T,International Studies,431,66,75,82,68,68,72,0,0,0,0,0,0,0,0,201,230,0.47,0.53,0,17,103,52,0,32,226,0.00,0.04,0.24,0.12,0.00,0.08,0.52,144,0.33,28,0.07,NO,0,0,0.00,63,0.15,10,20,1,63.2,NotMet,79.3,,6,Central Raleigh,Christine Kushner,Central Area,Rose Anne Gonzalez,Central Area,Vacant,RALEIGH,Raleigh,30,426,0,0,426,426,431,1.01,1.01,0.00
920624,624,624,E,Willow Springs Elementary,WILLOW SPRINGS ES,KI-5,Y-R,,1010,183,176,172,176,165,138,0,0,0,0,0,0,0,0,499,511,0.49,0.51,2,7,61,151,1,49,740,0.00,0.01,0.06,0.15,0.00,0.05,0.73,264,0.26,60,0.06,NO,0,0,0.00,81,0.08,11,0,21,82,Exceeded,100,,2,Southeast Wake,Monika Johnson-Hostler,Southern Area,Lloyd Gardner,Southern Area,Lloyd Gardner,WAKE COUNTY,Wake County,32,590,-32,16,926,774,1010,1.09,1.36,0.40
920626,626,626,E,Yates Mill Elementary,YATES MILL ES,KI-5,T,,612,94,109,105,104,103,97,0,0,0,0,0,0,0,0,303,309,0.50,0.51,0,14,94,221,0,13,270,0.00,0.02,0.15,0.36,0.00,0.02,0.44,329,0.54,152,0.25,YES,33,6,0.18,71,0.12,4,16,4,68.9,Met,92.3,,5,South Central Raleigh,Dr. Jim Martin,Southwestern Area,Clinton Robinson,Southwestern Area,Clinton Robinson,WAKE COUNTY,Wake County,37,586,-32,0,554,586,612,1.11,1.11,0.00
920628,628,628,E,York Elementary,YORK ES,KI-5,T,,473,72,91,85,86,65,74,0,0,0,0,0,0,0,0,241,232,0.51,0.49,1,6,158,104,1,17,187,0.00,0.01,0.33,0.22,0.00,0.04,0.40,268,0.57,51,0.11,YES,18,4,0.22,59,0.13,18,13,8,65.9,Met,100,,7,West Raleigh/Morrisville,Zora Felton,Northern Area,Pamela Kinsey-Barker,Northern Area,Pamela Kinsey-Barker,RALEIGH,Raleigh,33,494,-32,4,554,586,473,0.85,0.85,0.17
920632,632,632,E,Zebulon Elementary,ZEBULON ES,KI-5,T,Gifted and Talented,516,87,104,76,81,95,73,0,0,0,0,0,0,0,0,267,249,0.52,0.48,4,4,159,140,0,26,183,0.01,0.01,0.31,0.27,0.00,0.05,0.36,337,0.65,75,0.15,YES,23,9,0.39,54,0.11,10,5,14,52.1,NotMet,75.9,,1,Northeast Wake,Tom Benton,Eastern Area,Edward McFarland,Eastern Area,Edward McFarland,ZEBULON,Zebulon,41,592,-50,4,634,684,516,0.81,0.81,0.15
920442,442,442,EM,Hilburn Drive Academy,HILBURN DR ACAD,KI-8,T,,795,101,84,92,97,83,73,96,86,83,0,0,0,0,0,410,385,0.52,0.49,3,44,161,123,4,27,433,0.00,0.06,0.20,0.16,0.01,0.03,0.54,211,0.27,60,0.08,NO,24,9,0.38,91,0.11,7,18,6,73,Exceeded,97.6,,7,West Raleigh/Morrisville,Zora Felton,Northern Area,Pamela Kinsey-Barker,Northern Area,Pamela Kinsey-Barker,RALEIGH,Raleigh,34,612,0,12,820,820,795,0.97,0.97,
920312,312,312,M,Apex Middle,APEX MS,.6-8,T,,1198,0,0,0,0,0,0,400,403,395,0,0,0,0,0,595,603,0.50,0.50,0,35,138,158,1,46,821,0.00,0.03,0.12,0.13,0.00,0.04,0.69,235,0.20,36,0.03,NO,0,0,0.00,146,0.12,35,9,4,80.1,Met,94.8,,8,Southern Wake,Susan Evans,Southwestern Area,Clinton Robinson,Southwestern Area,Clinton Robinson,APEX,Apex,63,1059,68,0,1127,1059,1198,1.06,1.06,0.00
920356,356,356,M,Carnage Middle,CARNAGE MS,.6-8,T,Gifted and Talented/AIG Basics,1157,0,0,0,0,0,0,376,369,412,0,0,0,0,0,590,567,0.51,0.49,8,373,444,115,1,35,180,0.01,0.32,0.38,0.10,0.00,0.03,0.16,425,0.37,37,0.03,NO,0,0,0.00,114,0.10,20,10,2,66.9,Met,79.4,,4,East Raleigh,Keith Sutton,Central Area,Rose Anne Gonzalez,Central Area,Vacant,RALEIGH,Raleigh,60,955,25,7,1162,981,1157,1.00,1.15,0.16
920360,360,360,M,Carroll Middle,CARROLL MS,.6-8,T,Leadership in Technology,902,0,0,0,0,0,0,316,306,280,0,0,0,0,0,503,399,0.56,0.44,3,21,304,218,1,28,327,0.00,0.02,0.34,0.24,0.00,0.03,0.36,451,0.50,93,0.10,NO,0,0,0.00,164,0.18,46,19,3,43.1,NotMet,62.3,,6,Central Raleigh,Christine Kushner,Northern Area,Pamela Kinsey-Barker,Northern Area,Pamela Kinsey-Barker,RALEIGH,Raleigh,54,825,43,0,868,825,902,1.04,1.04,0.00
920370,370,370,M,Centennial Campus Middle,CENTENNIAL CAMPUS MS,.6-8,MOD,University Connections and Leadership,594,0,0,0,0,0,0,207,199,188,0,0,0,0,0,320,274,0.54,0.46,3,29,214,110,4,25,208,0.01,0.05,0.36,0.19,0.01,0.04,0.35,238,0.40,48,0.08,NO,0,0,0.00,105,0.18,15,2,1,51.8,NotMet,74.5,,5,South Central Raleigh,Dr. Jim Martin,Central Area,Rose Anne Gonzalez,Central Area,Vacant,RALEIGH,Raleigh,43,650,0,0,650,650,594,0.91,0.91,0.00
920388,388,388,M,Daniels Middle,DANIELS MS,.6-8,T,,1154,0,0,0,0,0,0,398,349,407,0,0,0,0,0,624,530,0.54,0.46,3,30,339,178,0,47,557,0.00,0.03,0.29,0.16,0.00,0.04,0.48,463,0.40,78,0.07,NO,0,0,0.00,173,0.15,38,21,1,60.3,NotMet,76.3,,6,Central Raleigh,Christine Kushner,Central Area,Rose Anne Gonzalez,Central Area,Vacant,RALEIGH,Raleigh,64,1085,-70,6,1171,1085,1154,0.99,1.14,0.13
920391,391,391,M,Davis Drive Middle,DAVIS DR MS,.6-8,T,,1324,0,0,0,0,0,0,459,430,435,0,0,0,0,0,677,647,0.51,0.49,2,432,75,94,2,39,680,0.00,0.33,0.06,0.07,0.00,0.03,0.51,120,0.09,45,0.03,NO,0,0,0.00,132,0.10,26,8,1,87.5,Met,100,,9,Western Wake,Bill Fletcher,Western Area,Timothy Locklair,Western Area,Timothy Locklair,CARY,Cary,56,877,94,11,1257,903,1324,1.05,1.33,0.23
920394,394,394,M,Dillard Drive Middle,DILLARD DR MS,.6-8,T,,1116,0,0,0,0,0,0,373,374,369,0,0,0,0,0,571,545,0.51,0.49,1,33,340,237,2,47,456,0.00,0.03,0.31,0.21,0.00,0.04,0.41,563,0.50,85,0.08,NO,0,0,0.00,174,0.16,66,12,0,58.1,Met,79.3,,5,South Central Raleigh,Dr. Jim Martin,Southwestern Area,Clinton Robinson,Southwestern Area,Clinton Robinson,RALEIGH,Raleigh,62,1033,-30,6,1159,1033,1116,0.96,1.11,0.14
920399,399,399,M,Durant Road Middle,DURANT RD MS,.6-8,Y-R,,1246,0,0,0,0,0,0,421,429,396,0,0,0,0,0,620,626,0.50,0.50,3,37,341,218,1,57,588,0.00,0.03,0.27,0.18,0.00,0.05,0.47,454,0.36,65,0.05,NO,0,0,0.00,234,0.19,67,11,2,59.9,NotMet,73.8,,3,North Raleigh,Kevin Hill,Northeastern Area,Andre Smith,Northeastern Area,Andre Smith,RALEIGH,Raleigh,62,1345,-108,9,1471,1371,1246,0.85,0.99,0.16
920402,402,402,M,East Cary Middle,E CARY MS,.6-8,Y-R,,941,0,0,0,0,0,0,350,329,262,0,0,0,0,0,499,442,0.53,0.47,6,89,130,189,1,31,495,0.01,0.09,0.14,0.20,0.00,0.03,0.53,236,0.25,72,0.08,NO,0,0,0.00,179,0.19,47,17,2,68.4,NotMet,87.5,,9,Western Wake,Bill Fletcher,Western Area,Timothy Locklair,Western Area,Timothy Locklair,CARY,Cary,60,1293,-92,0,1201,1293,941,0.78,0.78,0.00
920404,404,404,M,East Garner Middle,E GARNER MS,.6-8,T,International Baccalaureate/Creative Arts,1366,0,0,0,0,0,0,475,468,423,0,0,0,0,0,670,696,0.49,0.51,10,15,697,325,2,56,261,0.01,0.01,0.51,0.24,0.00,0.04,0.19,800,0.59,63,0.05,NO,0,0,0.00,222,0.16,91,20,2,45.5,NotMet,66.1,,2,Southeast Wake,Monika Johnson-Hostler,Southern Area,Lloyd Gardner,Southern Area,Lloyd Gardner,GARNER,Garner,57,825,-40,21,1331,955,1366,1.03,1.49,0.41
920408,408,408,M,East Millbrook Middle,E MILLBROOK MS,.6-8,T,International Baccalaureate/Creative Arts,981,0,0,0,0,0,0,355,300,326,0,0,0,0,0,509,472,0.52,0.48,2,41,535,243,4,36,121,0.00,0.04,0.55,0.25,0.00,0.04,0.12,644,0.66,97,0.10,NO,0,0,0.00,166,0.17,65,15,3,46.1,Met,69.5,,3,North Raleigh,Kevin Hill,Northeastern Area,Andre Smith,Northeastern Area,Andre Smith,RALEIGH,Raleigh,62,952,0,10,1212,952,981,0.81,1.03,0.22
920410,410,410,M,East Wake Middle,E WAKE MS,.6-8,Y-R t4,,884,0,0,0,0,0,0,288,249,347,0,0,0,0,0,477,407,0.54,0.46,6,9,339,353,0,45,132,0.01,0.01,0.38,0.40,0.00,0.05,0.15,554,0.63,111,0.13,NO,0,0,0.00,162,0.18,47,22,2,41.4,NotMet,59.3,,1,Northeast Wake,Tom Benton,Eastern Area,Edward McFarland,Eastern Area,Edward McFarland,KNIGHTDALE,Knightdale,55,851,-157,12,1006,1111,884,0.88,0.93,0.31
920424,424,424,M,Fuquay-Varina Middle,FUQUAY-VARINA MS,.6-8,T,,818,0,0,0,0,0,0,260,276,282,0,0,0,0,0,431,387,0.53,0.47,2,8,171,187,1,37,412,0.00,0.01,0.21,0.23,0.00,0.05,0.50,393,0.48,40,0.05,NO,0,0,0.00,149,0.18,32,9,1,57.8,NotMet,74.1,,2,Southeast Wake,Monika Johnson-Hostler,Southern Area,Lloyd Gardner,Southern Area,Lloyd Gardner,FUQUAY-VARINA,Fuquay-Varina,57,903,0,0,903,903,818,0.91,0.91,0.00
920444,444,444,M,Heritage Middle,HERITAGE MS,.6-8,Y-R,,1292,0,0,0,0,0,0,427,426,439,0,0,0,0,0,631,661,0.49,0.51,6,35,169,80,0,48,954,0.01,0.03,0.13,0.06,0.00,0.04,0.74,195,0.15,21,0.02,NO,0,0,0.00,161,0.13,28,10,0,81.5,Exceeded,100,,1,Northeast Wake,Tom Benton,Northeastern Area,Andre Smith,Northeastern Area,Andre Smith,WAKE FOREST,Wake Forest,60,1293,-49,0,1244,1293,1292,1.04,1.04,0.00
920458,458,458,M,Holly Grove Middle,HOLLY GROVE MS,.6-8,Y-R,,1444,0,0,0,0,0,0,511,480,453,0,0,0,0,0,730,714,0.51,0.50,4,28,193,176,1,61,981,0.00,0.02,0.13,0.12,0.00,0.04,0.68,292,0.20,29,0.02,NO,0,0,0.00,204,0.14,24,17,2,69.6,Met,82.7,,8,Southern Wake,Susan Evans,Southern Area,Lloyd Gardner,Southern Area,Lloyd Gardner,HOLLY SPRINGS,Holly Springs,82,1623,16,0,1639,1623,1444,0.88,0.88,0.00
920450,450,450,M,Holly Ridge Middle,HOLLY RIDGE MS,.6-8,T,,1228,0,0,0,0,0,0,398,398,432,0,0,0,0,0,615,613,0.50,0.50,0,21,198,152,5,47,805,0.00,0.02,0.16,0.12,0.00,0.04,0.66,296,0.24,22,0.02,NO,0,0,0.00,191,0.16,53,17,2,68.2,NotMet,86,,8,Southern Wake,Susan Evans,Southern Area,Lloyd Gardner,Southern Area,Lloyd Gardner,HOLLY SPRINGS,Holly Springs,57,903,-1,14,1266,981,1228,0.97,1.25,0.29
920471,471,471,M,Leesville Road Middle,LEESVILLE RD MS,.6-8,T,,1228,0,0,0,0,0,0,397,411,420,0,0,0,0,0,614,614,0.50,0.50,3,61,288,163,0,53,660,0.00,0.05,0.24,0.13,0.00,0.04,0.54,323,0.26,54,0.04,NO,0,0,0.00,144,0.12,43,17,1,70.9,Exceeded,86.2,,7,West Raleigh/Morrisville,Zora Felton,Northern Area,Pamela Kinsey-Barker,Northern Area,Pamela Kinsey-Barker,RALEIGH,Raleigh,53,799,-53,16,1162,799,1228,1.06,1.65,0.36
920472,472,472,M,Ligon Middle,LIGON MS,.6-8,T,Gifted and Talented/AIG Basics,1198,0,0,0,0,0,0,384,394,420,0,0,0,0,0,578,620,0.48,0.52,2,87,435,117,1,53,504,0.00,0.07,0.36,0.10,0.00,0.04,0.42,419,0.35,32,0.03,NO,0,0,0.00,165,0.14,49,17,5,68,NotMet,81,,4,East Raleigh,Keith Sutton,Central Area,Rose Anne Gonzalez,Central Area,Vacant,RALEIGH,Raleigh,64,1059,51,3,1188,1137,1198,1.01,1.01,0.07
920484,484,484,M,Lufkin Road Middle,LUFKIN RD MS,.6-8,Y-R,,1002,0,0,0,0,0,0,359,331,312,0,0,0,0,0,506,496,0.51,0.50,3,48,94,96,2,36,722,0.00,0.05,0.09,0.10,0.00,0.04,0.72,133,0.13,35,0.04,NO,0,0,0.00,125,0.13,31,8,7,81.6,Exceeded,96.2,,8,Southern Wake,Susan Evans,Southwestern Area,Clinton Robinson,Southwestern Area,Clinton Robinson,APEX,Apex,57,1215,-45,0,1170,1215,1002,0.86,0.86,0.00
920492,492,492,M,Martin Middle,MARTIN MS,.6-8,T,Gifted and Talented,1076,0,0,0,0,0,0,354,339,383,0,0,0,0,0,522,554,0.49,0.52,4,86,186,121,1,36,642,0.00,0.08,0.17,0.11,0.00,0.03,0.60,301,0.28,58,0.05,NO,0,0,0.00,169,0.16,44,23,0,72.9,Exceeded,81,,6,Central Raleigh,Christine Kushner,Central Area,Rose Anne Gonzalez,Central Area,Vacant,RALEIGH,Raleigh,64,981,-9,3,1050,1059,1076,1.03,1.03,0.07
920502,502,502,M,Mills Park Middle,MILLS PARK MS,.6-8,T,,1831,0,0,0,0,0,0,619,617,595,0,0,0,0,0,905,926,0.49,0.51,5,431,215,137,2,83,958,0.00,0.24,0.12,0.08,0.00,0.05,0.52,175,0.10,48,0.03,NO,0,0,0.00,172,0.09,28,8,1,85.3,Exceeded,98.4,,8,Southern Wake,Susan Evans,Western Area,Timothy Locklair,Western Area,Timothy Locklair,CARY,Cary,82,1311,241,0,1552,1415,1831,1.18,1.11,0.00
920506,506,506,M,Moore Square Middle,MOORE SQUARE MS,.6-8,MOD,Gifted and Talented/AIG Basics/Museums,432,0,0,0,0,0,0,147,147,138,0,0,0,0,0,219,213,0.51,0.49,3,9,166,74,0,25,155,0.01,0.02,0.38,0.17,0.00,0.06,0.36,194,0.45,17,0.04,NO,0,0,0.00,85,0.20,26,2,1,52.9,Met,74.4,,5,South Central Raleigh,Dr. Jim Martin,Central Area,Rose Anne Gonzalez,Central Area,Vacant,RALEIGH,Raleigh,37,554,0,0,554,554,432,0.78,0.78,0.00
920512,512,512,M,North Garner Middle,N GARNER MS,.6-8,Y-R t4,,964,0,0,0,0,0,0,275,342,347,0,0,0,0,0,481,483,0.50,0.50,5,10,308,195,1,48,397,0.01,0.01,0.32,0.20,0.00,0.05,0.41,449,0.47,55,0.06,NO,0,0,0.00,144,0.15,71,10,4,56.6,Exceeded,74.1,,2,Southeast Wake,Monika Johnson-Hostler,Southern Area,Lloyd Gardner,Southern Area,Lloyd Gardner,GARNER,Garner,64,1085,-92,5,1123,1085,964,0.86,0.97,0.12
920400,400,400,M,Reedy Creek Middle,REEDY CREEK MS,.6-8,T,,829,0,0,0,0,0,0,267,285,277,0,0,0,0,0,442,387,0.53,0.47,3,43,204,227,1,45,306,0.00,0.05,0.25,0.27,0.00,0.05,0.37,442,0.53,82,0.10,NO,0,0,0.00,157,0.19,45,19,0,56.8,Met,72.4,,9,Western Wake,Bill Fletcher,Western Area,Timothy Locklair,Western Area,Timothy Locklair,CARY,Cary,57,903,25,0,928,903,829,0.89,0.89,0.00
920545,545,545,M,Rolesville Middle,ROLESVILLE MS,.6-8,Y-R,,1278,0,0,0,0,0,0,415,425,438,0,0,0,0,0,650,628,0.51,0.49,2,24,355,244,2,68,583,0.00,0.02,0.28,0.19,0.00,0.05,0.46,455,0.36,77,0.06,NO,0,0,0.00,205,0.16,40,30,3,62,NotMet,73.2,,1,Northeast Wake,Tom Benton,Eastern Area,Edward McFarland,Eastern Area,Edward McFarland,ROLESVILLE,Rolesville,82,1623,0,0,1623,1727,1278,0.79,0.74,0.00
920551,551,551,M,Salem Middle,SALEM MS,.6-8,Y-R,,1247,0,0,0,0,0,0,406,407,434,0,0,0,0,0,640,607,0.51,0.49,4,133,99,152,3,41,815,0.00,0.11,0.08,0.12,0.00,0.03,0.65,204,0.16,50,0.04,NO,0,0,0.00,190,0.15,40,22,1,75.9,Exceeded,86.4,,9,Western Wake,Bill Fletcher,Southwestern Area,Clinton Robinson,Southwestern Area,Clinton Robinson,APEX,Apex,57,1215,38,2,1305,1215,1247,0.96,1.00,0.04
920592,592,592,M,Wake Forest Middle,WAKE FOREST MS,.6-8,T,,1031,0,0,0,0,0,0,333,354,344,0,0,0,0,0,548,483,0.53,0.47,3,26,270,193,1,51,487,0.00,0.03,0.26,0.19,0.00,0.05,0.47,408,0.40,56,0.05,NO,0,0,0.00,153,0.15,55,14,3,59.5,Met,73.2,,1,Northeast Wake,Tom Benton,Northeastern Area,Andre Smith,Northeastern Area,Andre Smith,WAKE FOREST,Wake Forest,57,903,0,13,1241,1059,1031,0.83,0.97,0.27
920594,594,594,M,Wakefield Middle,WAKEFIELD MS,.6-8,T,,1142,0,0,0,0,0,0,346,377,419,0,0,0,0,0,576,566,0.50,0.50,7,59,286,142,0,47,601,0.01,0.05,0.25,0.13,0.00,0.04,0.53,314,0.28,31,0.03,NO,0,0,0.00,122,0.11,23,20,5,69.3,Exceeded,87.7,,3,North Raleigh,Kevin Hill,Northeastern Area,Andre Smith,Northeastern Area,Andre Smith,RALEIGH,Raleigh,57,903,25,7,1110,1007,1142,1.03,1.11,0.16
920601,601,601,M,Wendell Middle,WENDELL MS,.6-8,T,,970,0,0,0,0,0,0,334,326,310,0,0,0,0,0,521,449,0.54,0.46,3,18,330,300,1,47,271,0.00,0.02,0.34,0.31,0.00,0.05,0.28,596,0.61,64,0.07,NO,0,0,0.00,140,0.14,36,16,1,44.2,Met,66.7,,1,Northeast Wake,Tom Benton,Eastern Area,Edward McFarland,Eastern Area,Edward McFarland,WAKE COUNTY,Wake County,60,981,-53,0,928,1111,970,1.05,0.92,0.00
920604,604,604,M,West Cary Middle,W CARY MS,.6-8,T,,870,0,0,0,0,0,0,280,272,318,0,0,0,0,0,442,428,0.51,0.49,4,170,152,96,1,43,405,0.01,0.20,0.18,0.11,0.00,0.05,0.47,176,0.20,42,0.05,NO,0,0,0.00,111,0.13,25,19,1,74.5,Met,95.1,,9,Western Wake,Bill Fletcher,Western Area,Timothy Locklair,Western Area,Timothy Locklair,CARY,Cary,56,877,42,6,1075,1033,870,0.81,0.81,0.15
920607,607,607,M,West Lake Middle,W LAKE MS,.6-8,Y-R,,1349,0,0,0,0,0,0,465,426,458,0,0,0,0,0,702,647,0.52,0.48,4,24,153,192,0,57,919,0.00,0.02,0.11,0.14,0.00,0.04,0.68,266,0.20,44,0.03,NO,0,0,0.00,184,0.14,34,11,1,71.5,Met,85.2,,5,South Central Raleigh,Dr. Jim Martin,Southwestern Area,Clinton Robinson,Southwestern Area,Clinton Robinson,CARY,Cary,56,1189,-49,12,1452,1189,1349,0.93,1.18,0.22
920608,608,608,M,West Millbrook Middle,W MILLBROOK MS,.6-8,T,,958,0,0,0,0,0,0,306,321,331,0,0,0,0,0,479,479,0.50,0.50,4,37,262,190,2,35,428,0.00,0.04,0.27,0.20,0.00,0.04,0.45,409,0.43,70,0.07,NO,0,0,0.00,123,0.13,38,5,2,59.5,Met,70.7,,3,North Raleigh,Kevin Hill,Northern Area,Pamela Kinsey-Barker,Northern Area,Pamela Kinsey-Barker,RALEIGH,Raleigh,59,955,-62,8,1101,955,958,0.87,1.07,0.19
920636,636,636,M,Zebulon Middle,ZEBULON MS,.6-8,T,Gifted and Talented,553,0,0,0,0,0,0,176,187,190,0,0,0,0,0,256,297,0.46,0.54,3,4,236,129,0,24,157,0.01,0.01,0.43,0.23,0.00,0.04,0.28,343,0.62,26,0.05,NO,0,0,0.00,89,0.16,41,7,1,48.3,Met,65,,1,Northeast Wake,Tom Benton,Eastern Area,Edward McFarland,Eastern Area,Edward McFarland,ZEBULON,Zebulon,58,825,29,4,958,903,553,0.58,0.59,0.11
920585,585,585,MS,Wake Young Men's Leadership Academy,WAKE MEN'S ACADEMY,.6-11,EC,,246,0,0,0,0,0,0,49,53,46,37,33,28,-,-,246,0,1.00,0.00,1,33,95,34,0,14,70,0.00,0.13,0.39,0.14,0.00,0.06,0.28,83,0.34,4,0.02,NO,0,0,0.00,33,0.13,9,0,1,65.9,NotMet,87.5,,5,South Central Raleigh,Dr. Jim Martin,Central Area,Rose Anne Gonzalez,Central Area,Vacant,RALEIGH,Raleigh,14,365,-67,3,298,365,246,0.83,0.67,0.00
920586,586,586,MS,Wake Young Women's Leadership Academy,WAKE WOMEN'S ACADEMY,.6-11,EC,,281,0,0,0,0,0,0,57,54,50,44,41,35,-,-,0,281,0.00,1.00,1,20,107,44,0,13,96,0.00,0.07,0.38,0.16,0.00,0.05,0.34,90,0.32,4,0.01,NO,0,0,0.00,19,0.07,7,0,0,75.4,Exceeded,97.4,,5,South Central Raleigh,Dr. Jim Martin,Central Area,Rose Anne Gonzalez,Central Area,Vacant,RALEIGH,Raleigh,13,410,-80,3,330,410,281,0.85,0.69,0.00
920316,316,316,S,Apex High,APEX HS,.9-12,T,,2538,0,0,0,0,0,0,0,0,0,650,549,705,634,-,1341,1197,0.53,0.47,5,141,189,208,4,110,1881,0.00,0.06,0.08,0.08,0.00,0.04,0.74,228,0.09,33,0.01,NO,0,0,0.00,273,0.11,111,28,1,82.7,Met,82.5,92.8,8,Southern Wake,Susan Evans,Southwestern Area,Clinton Robinson,Southwestern Area,Clinton Robinson,APEX,Apex,82,1639,0,35,2479,1663,2538,1.02,1.53,0.34
920318,318,318,S,Athens Drive High,ATHENS DR HS,.9-12,T,,1877,0,0,0,0,0,0,0,0,0,531,456,461,429,-,947,930,0.51,0.50,9,108,455,298,2,75,931,0.01,0.06,0.24,0.16,0.00,0.04,0.50,680,0.36,144,0.08,NO,0,0,0.00,347,0.19,140,107,0,59.4,Exceeded,68.8,83,5,South Central Raleigh,Dr. Jim Martin,Central Area,Rose Anne Gonzalez,Central Area,Vacant,RALEIGH,Raleigh,86,1735,-86,23,2201,2095,1877,0.85,0.93,0.25
920348,348,348,S,Broughton High,BROUGHTON HS,.9-12,T,,2087,0,0,0,0,0,0,0,0,0,655,508,491,433,-,1047,1040,0.50,0.50,6,93,623,277,4,60,1025,0.00,0.05,0.30,0.13,0.00,0.03,0.49,741,0.36,143,0.07,NO,0,0,0.00,343,0.16,107,46,0,59.8,Exceeded,58,85.3,6,Central Raleigh,Christine Kushner,Central Area,Rose Anne Gonzalez,Central Area,Vacant,RALEIGH,Raleigh,89,1799,0,12,2087,1799,2087,1.00,1.16,0.14
920368,368,368,S,Cary High,CARY HS,.9-12,T,,2368,0,0,0,0,0,0,0,0,0,683,586,593,506,-,1240,1128,0.52,0.48,12,135,470,429,3,95,1224,0.01,0.06,0.20,0.18,0.00,0.04,0.52,729,0.31,125,0.05,NO,0,0,0.00,341,0.14,64,42,1,68.6,Exceeded,71.1,85.1,9,Western Wake,Bill Fletcher,Western Area,Timothy Locklair,Western Area,Timothy Locklair,CARY,Cary,111,2223,-30,0,2193,2223,2368,1.08,1.08,0.00
920702,702,702,S,"East Wake School of Arts, Education, and Global Studies",E WAKE ART ED GLBL,.9-12,T,,373,0,0,0,0,0,0,0,0,0,102,84,91,96,-,123,250,0.33,0.67,4,1,135,95,0,21,118,0.01,0.00,0.36,0.25,0.00,0.06,0.32,231,0.62,16,0.04,NO,0,0,0.00,93,0.25,35,41,0,47.9,Exceeded,69.2,85.6,1,Northeast Wake,Tom Benton,Eastern Area,Edward McFarland,Eastern Area,Edward McFarland,WAKE COUNTY,Wake County,18,309,0,6,453,453,368,0.81,0.81,0.32
920703,703,703,S,East Wake School of Engineering Systems,E WAKE ENGR SYS,.9-12,T,,369,0,0,0,0,0,0,0,0,0,110,92,87,80,-,295,74,0.80,0.20,3,0,132,64,0,14,156,0.01,0.00,0.36,0.18,0.00,0.04,0.42,174,0.47,18,0.05,NO,0,0,0.00,82,0.22,58,7,0,35.1,Met,65,86.9,1,Northeast Wake,Tom Benton,Eastern Area,Edward McFarland,Eastern Area,Edward McFarland,WAKE COUNTY,Wake County,21,410,0,0,410,410,323,0.79,0.79,0.00
920700,700,700,S,East Wake School of Health Science,E WAKE HLTH SCI,.9-12,T,,368,0,0,0,0,0,0,0,0,0,96,104,83,85,-,143,225,0.39,0.61,4,5,132,66,0,16,145,0.01,0.01,0.36,0.18,0.00,0.04,0.39,178,0.48,7,0.02,NO,0,0,0.00,53,0.14,24,5,1,48.1,Exceeded,70.7,87.8,1,Northeast Wake,Tom Benton,Eastern Area,Edward McFarland,Eastern Area,Edward McFarland,WAKE COUNTY,Wake County,19,411,0,1,435,435,373,0.86,0.86,0.06
920701,701,701,S,East Wake School of Integrated Technology,E WAKE INT TECH,.9-12,T,,323,0,0,0,0,0,0,0,0,0,88,91,78,66,-,195,128,0.60,0.40,0,5,152,74,1,12,80,0.00,0.02,0.47,0.23,0.00,0.04,0.25,195,0.60,11,0.03,NO,0,0,0.00,60,0.19,25,11,0,41,Met,67.6,87,1,Northeast Wake,Tom Benton,Eastern Area,Edward McFarland,Eastern Area,Edward McFarland,WAKE COUNTY,Wake County,21,455,0,0,455,455,369,0.81,0.81,0.00
920412,412,412,S,Enloe High,ENLOE HS,.9-12,T,Gifted and Talented/International Baccalaureate DP,2610,0,0,0,0,0,0,0,0,0,830,610,548,622,-,1294,1316,0.50,0.50,6,463,978,302,3,103,756,0.00,0.18,0.38,0.12,0.00,0.04,0.29,899,0.34,114,0.04,NO,0,0,0.00,332,0.13,33,54,2,68.6,Met,64.6,81.6,4,East Raleigh,Keith Sutton,Central Area,Rose Anne Gonzalez,Central Area,Vacant,RALEIGH,Raleigh,118,2409,48,8,2649,2409,2610,0.99,1.06,0.07
920428,428,428,S,Fuquay-Varina High,FUQUAY-VARINA HS,.9-12,T,,2111,0,0,0,0,0,0,0,0,0,657,587,452,415,-,1122,989,0.53,0.47,8,20,381,313,4,94,1291,0.00,0.01,0.18,0.15,0.00,0.04,0.61,611,0.29,44,0.02,NO,0,0,0.00,332,0.16,126,41,0,64.9,Exceeded,72.3,79.9,8,Southern Wake,Susan Evans,Southern Area,Lloyd Gardner,Southern Area,Lloyd Gardner,FUQUAY-VARINA,Fuquay-Varina,82,1639,-52,23,2139,1759,2111,0.99,1.24,0.26
920436,436,436,S,Garner High,GARNER HS,.9-12,T,International Baccalaureate-MYP & DP,2641,0,0,0,0,0,0,0,0,0,809,682,598,552,-,1332,1309,0.51,0.50,14,35,1055,481,8,99,949,0.01,0.01,0.40,0.18,0.00,0.04,0.36,1136,0.43,89,0.03,NO,0,0,0.00,364,0.14,96,73,1,55,Exceeded,44.8,84.9,2,Southeast Wake,Monika Johnson-Hostler,Southern Area,Lloyd Gardner,Southern Area,Lloyd Gardner,GARNER,Garner,91,1847,-99,59,3005,1871,2641,0.88,1.49,0.47
920441,441,441,S,Green Hope High,GREEN HOPE HS,.9-12,T,,2376,0,0,0,0,0,0,0,0,0,630,597,619,530,-,1179,1197,0.50,0.50,5,520,143,121,5,78,1504,0.00,0.22,0.06,0.05,0.00,0.03,0.63,152,0.06,49,0.02,NO,0,0,0.00,221,0.09,79,39,0,87.6,Exceeded,93.8,95,9,Western Wake,Bill Fletcher,Western Area,Timothy Locklair,Western Area,Timothy Locklair,CARY,Cary,82,1639,54,37,2581,1735,2376,0.92,1.33,0.34
920445,445,445,S,Heritage High,HERITAGE HS,.9-12,T,,1906,0,0,0,0,0,0,0,0,0,532,469,469,436,-,968,938,0.51,0.49,12,69,469,264,2,76,1014,0.01,0.04,0.25,0.14,0.00,0.04,0.53,459,0.24,67,0.04,NO,0,0,0.00,247,0.13,60,47,1,65.9,Exceeded,69,90,1,Northeast Wake,Tom Benton,Northeastern Area,Andre Smith,Northeastern Area,Andre Smith,WAKE FOREST,Wake Forest,83,1663,-24,0,1639,1663,1906,1.16,1.16,0.00
920455,455,455,S,Holly Springs High,HOLLY SPRINGS HS,.9-12,T,,2411,0,0,0,0,0,0,0,0,0,679,631,584,517,-,1186,1225,0.49,0.51,9,69,346,255,2,97,1633,0.00,0.03,0.14,0.11,0.00,0.04,0.68,388,0.16,35,0.02,NO,0,0,0.00,305,0.13,84,39,1,75.5,Exceeded,86.9,94.6,8,Southern Wake,Susan Evans,Southern Area,Lloyd Gardner,Southern Area,Lloyd Gardner,HOLLY SPRINGS,Holly Springs,83,1663,36,16,2083,1735,2411,1.16,1.36,0.18
920466,466,466,S,Knightdale High,KNIGHTDALE HS,.9-12,T,,1669,0,0,0,0,0,0,0,0,0,491,409,390,379,-,881,788,0.53,0.47,10,37,789,407,1,93,332,0.01,0.02,0.47,0.24,0.00,0.06,0.20,870,0.52,108,0.07,NO,0,0,0.00,260,0.16,37,57,0,37.2,NotMet,39.8,88.8,1,Northeast Wake,Tom Benton,Eastern Area,Edward McFarland,Eastern Area,Edward McFarland,KNIGHTDALE,Knightdale,83,1663,-34,8,1821,1807,1669,0.92,0.94,0.11
920473,473,473,S,Leesville Road High,LEESVILLE RD HS,.9-12,T,,2282,0,0,0,0,0,0,0,0,0,621,598,574,489,-,1144,1138,0.50,0.50,4,75,460,231,1,90,1421,0.00,0.03,0.20,0.10,0.00,0.04,0.62,461,0.20,55,0.02,NO,0,0,0.00,264,0.12,133,53,2,75.5,Exceeded,90.5,91.7,7,West Raleigh/Morrisville,Zora Felton,Northern Area,Pamela Kinsey-Barker,Northern Area,Pamela Kinsey-Barker,RALEIGH,Raleigh,112,2243,-14,12,2517,2243,2282,0.91,1.02,0.11
920495,495,495,S,Middle Creek High,MIDDLE CREEK HS,.9-12,T,,2240,0,0,0,0,0,0,0,0,0,625,629,515,471,-,1195,1045,0.53,0.47,20,36,447,365,3,79,1291,0.01,0.02,0.20,0.16,0.00,0.04,0.58,617,0.28,85,0.04,NO,0,0,0.00,303,0.14,121,45,0,73.4,Exceeded,71.9,89.1,5,South Central Raleigh,Dr. Jim Martin,Southwestern Area,Clinton Robinson,Southwestern Area,Clinton Robinson,CARY,Cary,82,1639,-13,26,2250,1903,2240,1.00,1.19,0.28
920500,500,500,S,Millbrook High,MILLBROOK HS,.9-12,T,International Baccalaureate-MYP and DP,2553,0,0,0,0,0,0,0,0,0,686,642,569,656,-,1301,1252,0.51,0.49,6,97,748,338,2,101,1261,0.00,0.04,0.29,0.13,0.00,0.04,0.49,756,0.30,91,0.04,NO,0,0,0.00,287,0.11,23,55,1,66.5,Exceeded,63.8,90.3,3,North Raleigh,Kevin Hill,Northern Area,Pamela Kinsey-Barker,Northern Area,Pamela Kinsey-Barker,RALEIGH,Raleigh,105,2183,-39,18,2576,2183,2553,0.99,1.19,0.17
920526,526,526,S,Panther Creek High,PANTHER CREEK HS,.9-12,T,,2893,0,0,0,0,0,0,0,0,0,871,770,633,619,-,1482,1411,0.51,0.49,3,568,432,236,5,114,1535,0.00,0.20,0.15,0.08,0.00,0.04,0.53,317,0.11,46,0.02,NO,0,0,0.00,254,0.09,52,44,1,81.8,Exceeded,98,95,7,West Raleigh/Morrisville,Zora Felton,Western Area,Timothy Locklair,Western Area,Timothy Locklair,CARY,Cary,83,1663,24,33,2479,1807,2893,1.17,1.58,0.32
920546,546,546,S,Rolesville High,ROLESVILLE HS,.9-11,T,,1201,0,0,0,0,0,0,0,0,0,525,453,223,-,-,636,565,0.53,0.47,6,36,489,218,1,50,400,0.01,0.03,0.41,0.18,0.00,0.04,0.33,502,0.42,87,0.07,NO,0,0,0.00,217,0.18,71,31,0,46.7,NotMet,45.9,,1,Northeast Wake,Tom Benton,Eastern Area,Edward McFarland,Eastern Area,Edward McFarland,ROLESVILLE,Rolesville,111,2223,-556,0,1667,2367,1201,0.72,0.51,0.00
920552,552,552,S,Sanderson High,SANDERSON HS,.9-12,T,,1994,0,0,0,0,0,0,0,0,0,585,505,468,436,-,1041,953,0.52,0.48,5,73,498,297,2,50,1070,0.00,0.04,0.25,0.15,0.00,0.03,0.54,631,0.32,155,0.08,NO,0,0,0.00,284,0.14,85,50,1,59.5,Exceeded,50,81.4,6,Central Raleigh,Christine Kushner,Northern Area,Pamela Kinsey-Barker,Northern Area,Pamela Kinsey-Barker,RALEIGH,Raleigh,86,1735,0,12,2023,1927,1994,0.99,1.04,0.14
920562,562,562,S,Southeast Raleigh High,SOUTHEAST RALEIGH HS,.9-12,MOD,Center for Leadership and Technology,1539,0,0,0,0,0,0,0,0,0,462,425,304,348,-,756,783,0.49,0.51,4,21,1110,238,0,60,106,0.00,0.01,0.72,0.16,0.00,0.04,0.07,851,0.55,81,0.05,NO,0,0,0.00,338,0.22,122,58,0,46.4,Exceeded,53.6,83.8,4,East Raleigh,Keith Sutton,Southwestern Area,Clinton Robinson,Southwestern Area,Clinton Robinson,RALEIGH,Raleigh,85,1546,-44,13,1814,1546,1539,0.85,1.03,0.17
920581,581,581,S,Vernon Malone College & Career Academy,VERNON MALONE ACAD,.10-12,EC,,127,0,0,0,0,0,0,0,0,0,-,54,58,15,-,68,59,0.54,0.46,0,4,51,20,0,3,50,0.00,0.03,0.40,0.15,0.00,0.02,0.39,49,0.39,3,0.02,NO,0,0,0.00,19,0.15,2,0,0,53.6,Met,75,35.7,5,South Central Raleigh,Dr. Jim Martin,Southwestern Area,Clinton Robinson,Southwestern Area,Clinton Robinson,RALEIGH,Raleigh,36,640,-213,0,427,640,127,0.30,0.30,0.00
920583,583,583,S,Wake Early College of Health and Sciences,WAKE EARLY COLLEGE,.9-13,EC,,309,0,0,0,0,0,0,0,0,0,73,75,65,65,31,83,226,0.27,0.73,2,39,112,46,2,13,95,0.01,0.13,0.36,0.15,0.01,0.04,0.31,84,0.27,1,0.00,NO,0,0,0.00,8,0.03,5,0,0,85.1,Exceeded,100,95,4,East Raleigh,Keith Sutton,Southwestern Area,Clinton Robinson,Southwestern Area,Clinton Robinson,RALEIGH,Raleigh,9,375,0,1,375,375,309,0.82,0.82,0.06
920588,588,588,S,Wake Forest High,WAKE FOREST HS,.9-12,T,,1955,0,0,0,0,0,0,0,0,0,522,464,467,502,-,999,956,0.51,0.49,9,42,452,210,0,61,1180,0.01,0.02,0.23,0.11,0.00,0.03,0.60,525,0.27,58,0.03,NO,0,0,0.00,279,0.14,54,52,0,65.7,Exceeded,80.2,91.1,1,Northeast Wake,Tom Benton,Northeastern Area,Andre Smith,Northeastern Area,Andre Smith,WAKE FOREST,Wake Forest,104,2051,64,0,2115,2051,1955,0.92,0.92,0.00
920582,582,582,S,Wake NC State STEM  Early College High School,WAKE NCSU STEM EC,.9-12,EC,,208,0,0,0,0,0,0,0,0,0,47,55,56,50,-,117,91,0.56,0.44,0,27,62,24,0,8,87,0.00,0.13,0.30,0.12,0.00,0.04,0.42,48,0.23,0,0.00,NO,0,0,0.00,16,0.08,1,0,0,95,Exceeded,100,95,5,South Central Raleigh,Dr. Jim Martin,Central Area,Rose Anne Gonzalez,Central Area,Vacant,RALEIGH,Raleigh,8,250,-30,2,220,250,208,0.95,0.95,0.22
920595,595,595,S,Wakefield High,WAKEFIELD HS,.9-12,T,,2379,0,0,0,0,0,0,0,0,0,576,619,628,556,-,1152,1227,0.48,0.52,11,137,710,326,4,76,1116,0.01,0.06,0.30,0.14,0.00,0.03,0.47,668,0.28,92,0.04,NO,0,0,0.00,287,0.12,74,33,2,64.1,Exceeded,78.1,88.8,3,North Raleigh,Kevin Hill,Northeastern Area,Andre Smith,Northeastern Area,Andre Smith,RALEIGH,Raleigh,82,1639,-65,16,2150,1831,2379,1.11,1.35,0.18
920324,324,324,S/O,Longview School,LONGVIEW SCHOOL,.6-12,T,,69,0,0,0,0,0,0,4,6,21,24,9,4,1,-,63,6,0.92,0.08,0,0,52,4,0,4,9,0.00,0.00,0.75,0.06,0.00,0.06,0.14,66,0.96,1,0.01,NO,0,0,0.00,61,0.88,0,2,0,5,N/A,0,,4,East Raleigh,Keith Sutton,Central Area,Rose Anne Gonzalez,Central Area,Vacant,RALEIGH,Raleigh,26,102,0,0,102,102,69,0.68,0.68,0.00
920508,508,508,S/O,Mount Vernon/Bridges School,MT VERNON,KI-8,T,,107,1,7,7,2,15,14,2,23,36,-,-,-,-,-,81,26,0.76,0.24,1,1,49,19,0,6,31,0.01,0.01,0.46,0.17,0.00,0.06,0.29,83,0.78,5,0.05,NO,0,0,0.00,61,0.57,1,45,0,20.3,N/A,62.5,,6,Central Raleigh,Christine Kushner,Northern Area,Pamela Kinsey-Barker,Northern Area,Pamela Kinsey-Barker,RALEIGH,Raleigh,22,200,0,0,200,200,160,0.80,0.80,0.00
920528,528,528,S/O,Phillips High School,PHILLIPS HS,.9-12,T,,160,0,0,0,0,0,0,0,-,-,37,38,43,42,-,64,96,0.40,0.60,2,0,112,24,0,8,14,0.01,0.00,0.70,0.15,0.00,0.05,0.09,135,0.84,5,0.03,NO,0,0,0.00,29,0.18,2,0,0,12.7,N/A,58.3,78.8,4,East Raleigh,Keith Sutton,Central Area,Rose Anne Gonzalez,Central Area,Vacant,RALEIGH,Raleigh,25,128,0,1,138,138,107,0.78,0.78,0.07
920438,438,438,S/O,River Oaks Middle,RIVER OAKS MS,.6-8,T,,50,0,0,0,0,0,0,1,13,36,-,-,-,-,-,29,21,0.58,0.42,0,0,24,22,0,2,1,0.00,0.00,0.49,0.44,0.00,0.05,0.02,43,0.86,5,0.10,NO,0,0,0.00,11,0.22,0,0,0,23.2,N/A,69.2,,4,East Raleigh,Keith Sutton,Northeastern Area,Andre Smith,Northeastern Area,Andre Smith,RALEIGH,Raleigh,14,105,0,0,105,105,50,0.48,0.48,0.00
